SOURCE_APP_BYTES,REMOTE_APP_PACKETS,DIST_REMOTE_TCP_PORT,REMOTE_APP_BYTES,APP_PACKETS,Type
0.00056,0.007788,0,0.000352,0.007513,1.0
0.000614,0.014798,0.009887,0.000521,0.01419,0.0
0,0,0,0,0,0.0
0.009118,0.028816,0.031073,0.001854,0.032554,0.0
0.063053,0.048287,0.002825,0.001941,0.050918,0.0
0.000407,0.010125,0.008475,0.000378,0.009182,0.0
0.004155,0.010125,0,0.000562,0.011686,0.0
0,0,0,0,0,0.0
0.000103,0.002336,0,0.000062,0.001669,1.0
0.00003,0.000779,0,0.000062,0.001669,1.0
0,0,0,0,0,0.0
0,0,0,0,0,0.0
0.001133,0.015576,0.008475,0.000755,0.016694,0.0
0.007965,0.022586,0.026836,0.002009,0.029215,0.0
0,0,0,0,0,0.0
0.000951,0.007788,0,0.000428,0.009182,1.0
0.000767,0.007009,0,0.000315,0.006678,1.0
0.000273,0.007009,0.009887,0.000262,0.005843,0.0
0.007513,0.01324,0.001412,0.000526,0.012521,0.0
0.000657,0.007009,0,0.000421,0.009182,1.0
0.01092,0.03271,0.04096,0.001746,0.035893,0.0
0.000309,0.007788,0.008475,0.000295,0.006678,0.0
0.000181,0.004673,0.004237,0.000178,0.003339,0.0
0.002507,0.009346,0,0.001083,0.013356,0.0
0.000688,0.007788,0,0.000402,0.008347,0.0
0,0,0,0,0,0.0
0,0,0,0,0,0.0
0,0,0,0,0,0.0
0.006515,0.015576,0.004237,0.00078,0.015025,0.0
0,0,0,0,0,0.0
0,0,0,0,0,0.0
0,0,0,0,0,0.0
0,0,0,0,0,0.0
0.000118,0.003115,0.00565,0.000267,0.005843,0.0
0.000338,0.008567,0.007062,0.000736,0.020033,0.0
0.002999,0.015576,0.009887,0.001136,0.019199,0.0
0.002785,0.01947,0.019774,0.000963,0.019199,0.0
0.000552,0.006231,0,0.000348,0.006678,0.0
0.000922,0.011682,0,0.000625,0.011686,0.0
0.027634,0.038941,0.00565,0.002559,0.039232,0.0
0.000892,0.008567,0,0.000369,0.008347,0.0
0.005827,0.035047,0.024011,0.001578,0.038397,0.0
0,0,0,0,0,0.0
0.000154,0.003894,0,0.000056,0.001669,1.0
0.000616,0.007788,0,0.000367,0.007513,1.0
0.051905,0.082555,0.076271,0.004859,0.080134,0.0
0.043936,0.058411,0.004237,0.002791,0.057596,0.0
0.002719,0.014019,0.008475,0.000919,0.015025,0.0
0.000273,0.007009,0.009887,0.000262,0.005843,0.0
0.000118,0.003115,0.004237,0.000223,0.005008,0.0
0.000247,0.006231,0.00565,0.000239,0.005008,0.0
0.004598,0.017913,0.002825,0.001033,0.019199,0.0
0.000893,0.012461,0.002825,0.000547,0.013356,0.0
0.000619,0.010125,0.001412,0.00081,0.020868,0.0
0.001244,0.017134,0.008475,0.001155,0.018364,0.0
0.001888,0.01947,0.007062,0.000652,0.017529,0.0
0.00453,0.021807,0.004237,0.001185,0.022538,0.0
0,0,0,0,0,0.0
0,0,0,0,0,0.0
0,0,0,0,0,0.0
0.000121,0.003115,0.002825,0.000201,0.004174,0.0
0.000215,0.005452,0.007062,0.000239,0.005008,0.0
0.00682,0.01324,0,0.000683,0.013356,0.0
0.00476,0.012461,0.004237,0.000648,0.012521,0.0
0.000842,0.01324,0.009887,0.000803,0.018364,0.0
0.005021,0.027259,0.024011,0.002189,0.035058,0.0
0,0,0,0,0,0.0
0,0,0,0,0,0.0
0,0,0,0,0,0.0
0.005794,0.010903,0,0.00051,0.011686,1.0
0.001088,0.009346,0.001412,0.000431,0.009182,1.0
0.010242,0.023364,0,0.001266,0.025042,1.0
0.00102,0.009346,0,0.000421,0.009182,1.0
0.000971,0.007788,0,0.00043,0.009182,1.0
0.000929,0.007009,0,0.000438,0.009182,1.0
0,0,0,0,0,0.0
0,0,0,0,0,0.0
0,0,0,0,0,0.0
0,0,0,0,0,0.0
0.003022,0.014798,0,0.000785,0.01586,0.0
0.002799,0.014798,0.026836,0.001266,0.025042,0.0
0.015546,0.038941,0.055085,0.002989,0.04424,0.0
0.000338,0.007788,0.009887,0.000297,0.007513,0.0
0.000273,0.007009,0.012712,0.000373,0.009182,0.0
0.000234,0.004673,0.004237,0.000168,0.003339,0.0
0.029163,0.036604,0,0.001508,0.039232,0.0
0.002721,0.014019,0.016949,0.001713,0.041736,0.0
0.003009,0.021028,0.011299,0.001116,0.020868,0.0
0.000801,0.009346,0,0.00055,0.009182,0.0
0,0,0,0,0,0.0
0,0,0,0,0,0.0
0,0,0,0,0,0.0
0,0,0,0,0,0.0
0,0,0,0,0,0.0
0.019253,0.035047,0,0.00198,0.036728,1.0
0.002196,0.010125,0,0.000843,0.009182,1.0
0,0,0,0,0,0.0
0,0,0,0,0,0.0
0.000149,0.003894,0.004237,0.000155,0.002504,0.0
0.016554,0.034268,0.018362,0.0018,0.038397,0.0
0.000394,0.008567,0,0.000333,0.006678,0.0
0,0,0,0,0,0.0
0.000516,0.007009,0,0.00031,0.005843,1.0
0.00056,0.007009,0,0.000364,0.007513,1.0
0,0,0,0,0,0.0
0,0,0,0,0,0.0
0,0,0,0,0,0.0
0,0,0,0,0,0.0
0.000297,0.006231,0.00565,0.000234,0.005008,0.0
0.000308,0.007788,0.00565,0.000295,0.006678,0.0
0.000177,0.004673,0.004237,0.000201,0.004174,0.0
0.002979,0.01947,0.009887,0.001439,0.024207,0.0
0.003893,0.009346,0.012712,0.000886,0.011686,0.0
0.001052,0.018692,0.001412,0.000983,0.019199,0.0
0.010398,0.021028,0.016949,0.00116,0.019199,0.0
0.03089,0.049844,0.007062,0.002807,0.058431,0.0
0.011972,0.025701,0.007062,0.00105,0.025042,0.0
0.000288,0.006231,0,0.000328,0.006678,0.0
0.014591,0.037383,0.036723,0.00172,0.032554,0.0
0,0,0,0,0,0.0
0.013303,0.028037,0.026836,0.001234,0.025042,0.0
0,0,0,0,0,0.0
0.016988,0.031153,0,0.001446,0.033389,1.0
0.000548,0.006231,0,0.000318,0.005843,1.0
0,0,0,0,0,0.0
0,0,0,0,0,0.0
0,0,0,0,0,0.0
0,0,0,0,0,0.0
0,0,0,0,0,0.0
0,0,0,0,0,0.0
0,0,0,0,0,0.0
0,0,0,0,0,0.0
0.010864,0.023364,0.008475,0.001207,0.025042,0.0
0.000276,0.007009,0.011299,0.000381,0.010017,0.0
0.040318,0.651869,1,1,0.59182,0.0
0.000263,0.005452,0.00565,0.000206,0.004174,0.0
0.000294,0.007009,0.011299,0.00048,0.012521,0.0
0.000149,0.003894,0.004237,0.000155,0.002504,0.0
0.000212,0.005452,0.004237,0.000206,0.004174,0.0
0.000516,0.011682,0.012712,0.000529,0.01419,0.0
0.007408,0.020249,0.012712,0.001367,0.03172,0.0
0.000446,0.010903,0.002825,0.000327,0.010017,0.0
0.005063,0.028037,0.029661,0.002115,0.03172,0.0
0.022664,0.027259,0.008475,0.001633,0.030885,0.0
0.011871,0.025701,0,0.001598,0.03005,0.0
0.000648,0.014019,0.008475,0.000709,0.019199,0.0
0.026978,0.023364,0.001412,0.001064,0.024207,0.0
0,0,0,0,0,0.0
0,0,0,0,0,0.0
0,0,0,0,0,0.0
0,0,0,0,0,0.0
0,0,0,0,0,0.0
0.000531,0.007009,0,0.00035,0.007513,1.0
0,0,0,0,0,0.0
0,0,0,0,0,0.0
0.002692,0.01324,0.012712,0.000923,0.015025,0.0
0.014915,0.053738,0.073446,0.004235,0.063439,0.0
0.004773,0.021028,0.024011,0.001841,0.023372,0.0
0.000704,0.014798,0.024011,0.000503,0.015025,0.0
0.000274,0.007009,0.00565,0.000234,0.005008,0.0
0.000121,0.003115,0.002825,0.000117,0.001669,0.0
0.002712,0.01324,0.002825,0.000787,0.01586,0.0
0.046436,0.077882,0.008475,0.003728,0.076795,0.0
0.013307,0.028816,0.036723,0.002052,0.030885,0.0
0.016693,0.031931,0.032486,0.00177,0.032554,0.0
0.011643,0.034268,0.066384,0.004186,0.073456,0.0
0.001342,0.020249,0.001412,0.000929,0.022538,0.0
0.027853,0.037383,0.004237,0.001568,0.043406,0.0
0,0,0,0,0,0.0
0,0,0,0,0,0.0
0,0,0,0,0,0.0
0.000494,0.008567,0,0.000436,0.009182,1.0
0,0,0,0,0,0.0
0,0,0,0,0,0.0
0,0,0,0,0,0.0
0,0,0,0,0,0.0
0.012645,0.054517,0.074859,0.004,0.064274,0.0
0.000372,0.009346,0.004237,0.000312,0.007513,0.0
0.000181,0.004673,0.004237,0.000183,0.003339,0.0
0.000464,0.007009,0,0.000393,0.007513,0.0
0.003187,0.024922,0.018362,0.001285,0.026711,0.0
0.0213,0.025701,0,0.001346,0.027546,0.0
0.008035,0.021807,0.001412,0.001158,0.024207,0.0
0.003765,0.017913,0.019774,0.001076,0.018364,0.0
0.00479,0.021028,0.024011,0.001869,0.024207,0.0
0.087106,0.088006,0,0.003054,0.087646,0.0
0.000556,0.012461,0.011299,0.000643,0.013356,0.0
0.012469,0.049844,0.063559,0.003817,0.057596,0.0
0,0,0,0,0,0.0
0,0,0,0,0,0.0
0,0,0,0,0,0.0
0.001856,0.020249,0.001412,0.001425,0.025042,1.0
0.001567,0.012461,0.001412,0.000796,0.016694,1.0
0,0,0,0,0,0.0
0,0,0,0,0,0.0
0,0,0,0,0,0.0
0.000913,0.020249,0.007062,0.000614,0.01586,0.0
0,0,0,0,0,0.0
0,0,0,0,0,0.0
0,0,0,0,0,0.0
0.004654,0.015576,0.014124,0.001057,0.016694,0.0
0.012026,0.040498,0.059322,0.003596,0.050918,0.0
0.008415,0.022586,0,0.001039,0.023372,0.0
0.00015,0.003894,0.004237,0.000183,0.003339,0.0
0.000207,0.005452,0.004237,0.000201,0.004174,0.0
0.084215,0.094237,0,0.005287,0.085142,0.0
0.000546,0.011682,0.014124,0.000338,0.009182,0.0
0.000215,0.005452,0.004237,0.000239,0.005008,0.0
0.000748,0.010125,0.001412,0.000405,0.008347,0.0
0.043061,0.054517,0,0.004717,0.060935,0.0
0.004488,0.021807,0.036723,0.001968,0.040902,0.0
0.024567,0.031153,0,0.001466,0.033389,0.0
0.01957,0.01947,0.002825,0.000918,0.023372,0.0
0.003468,0.009346,0,0.000449,0.009182,0.0
0.028483,0.027259,0.002825,0.002093,0.035058,0.0
0.003534,0.012461,0,0.000994,0.01419,0.0
0,0,0,0,0,0.0
0.001027,0.010903,0.001412,0.000756,0.01419,1.0
0.001851,0.020249,0.001412,0.001452,0.025876,1.0
0.001383,0.015576,0.001412,0.001091,0.020033,1.0
0.000188,0.004673,0,0.000112,0.003339,1.0
0.000588,0.011682,0.001412,0.000612,0.015025,1.0
0.000661,0.008567,0,0.000564,0.010017,1.0
0,0,0,0,0,0.0
0,0,0,0,0,0.0
0,0,0,0,0,0.0
0,0,0,0,0,0.0
0,0,0,0,0,0.0
0,0,0,0,0,0.0
0,0,0,0,0,0.0
0,0,0,0,0,0.0
0,0,0,0,0,0.0
0.022572,0.03972,0.009887,0.001573,0.046745,0.0
0.000148,0.003894,0.004237,0.000178,0.003339,0.0
0.00023,0.004673,0.007062,0.000256,0.005843,0.0
0.005603,0.024922,0.015537,0.001814,0.033389,0.0
0.000185,0.004673,0.002825,0.000173,0.003339,0.0
0.00027,0.007009,0.00565,0.000279,0.006678,0.0
0.000263,0.005452,0.00565,0.000206,0.004174,0.0
0.000231,0.004673,0.00565,0.000345,0.008347,0.0
0.00893,0.023364,0.001412,0.001567,0.023372,0.0
0.002311,0.021028,0,0.00111,0.022538,0.0
0.086957,0.101246,0.138418,0.003882,0.092654,0.0
0,0,0,0,0,0.0
0.001891,0.021028,0.007062,0.001402,0.029215,1.0
0.001292,0.014019,0.001412,0.000875,0.017529,1.0
0.005218,0.024143,0,0.001708,0.026711,1.0
0.000671,0.010903,0,0.000419,0.009182,1.0
0,0,0,0,0,0.0
0,0,0,0,0,0.0
0,0,0,0,0,0.0
0.007073,0.031153,0.038136,0.002469,0.034224,0.0
0,0,0,0,0,0.0
0,0,0,0,0,0.0
0,0,0,0,0,0.0
0,0,0,0,0,0.0
0.000274,0.007009,0.004237,0.000234,0.005008,0.0
0.000309,0.007788,0.008475,0.000295,0.006678,0.0
0.000215,0.005452,0.012712,0.001021,0.028381,0.0
0.000149,0.003894,0.004237,0.000155,0.002504,0.0
0.000149,0.003894,0.004237,0.000211,0.004174,0.0
0.000118,0.003115,0.004237,0.000155,0.002504,0.0
0.00015,0.003894,0.004237,0.000183,0.003339,0.0
0.004862,0.020249,0.001412,0.000917,0.019199,0.0
0.019196,0.035047,0,0.002218,0.038397,0.0
0.016348,0.03271,0.035311,0.001847,0.035058,0.0
0.007838,0.018692,0,0.001037,0.019199,0.0
0.006357,0.025701,0.028249,0.002035,0.025876,0.0
0.000961,0.007788,0,0.000436,0.009182,0.0
0.003854,0.022586,0.004237,0.001066,0.024207,0.0
0,0,0,0,0,0.0
0,0,0,0,0,0.0
0,0,0,0,0,0.0
0.017136,0.035047,0,0.001575,0.037563,1.0
0.017136,0.035047,0,0.001575,0.037563,1.0
0.010182,0.016355,0,0.000953,0.016694,1.0
0.001282,0.01324,0.001412,0.000877,0.017529,1.0
0.001845,0.020249,0.001412,0.001251,0.024207,1.0
0.000468,0.009346,0.001412,0.000686,0.013356,1.0
0.001392,0.015576,0.001412,0.001126,0.020868,1.0
0.001454,0.017134,0.001412,0.001098,0.020033,1.0
0.001454,0.017134,0.001412,0.001126,0.020868,1.0
0.001832,0.01947,0.001412,0.001462,0.025876,1.0
0.001442,0.017913,0.001412,0.000974,0.017529,1.0
0,0,0,0,0,0.0
0,0,0,0,0,0.0
0,0,0,0,0,0.0
0.000936,0.01947,0.021186,0.000719,0.020033,0.0
0.01938,0.01947,0.001412,0.001149,0.020868,0.0
0.01857,0.047508,0.014124,0.00138,0.04424,0.0
0.000118,0.003115,0.004237,0.000178,0.003339,0.0
0.000118,0.003115,0.004237,0.000155,0.002504,0.0
0.000181,0.004673,0.004237,0.000183,0.003339,0.0
0.000418,0.009346,0.012712,0.00032,0.008347,0.0
0.000149,0.003894,0.008475,0.000295,0.006678,0.0
0.000181,0.004673,0.00565,0.000183,0.003339,0.0
0.000868,0.018692,0.016949,0.000612,0.017529,0.0
0.000177,0.004673,0.00565,0.000201,0.004174,0.0
0.009261,0.021028,0.011299,0.001496,0.024207,0.0
0.020527,0.035826,0.004237,0.001632,0.040902,0.0
0.025592,0.03271,0,0.001565,0.035893,0.0
0.000904,0.01324,0.002825,0.000653,0.013356,0.0
0.012677,0.03972,0.056497,0.003322,0.046745,0.0
0.033931,0.03271,0.008475,0.002166,0.037563,0.0
0.018032,0.030374,0.007062,0.001388,0.03005,0.0
0,0,0,0,0,0.0
0.017602,0.025701,0.001412,0.001291,0.025876,0.0
0.001119,0.017913,0.012712,0.000602,0.015025,0.0
0,0,0,0,0,0.0
0,0,0,0,0,0.0
0.131432,0.168224,0.025424,0.009161,0.190317,1.0
0.000399,0.007788,0.001412,0.000322,0.009182,1.0
0.001252,0.01324,0.001412,0.000935,0.019199,1.0
0.000469,0.009346,0.001412,0.000658,0.012521,1.0
0.001719,0.017913,0.001412,0.001249,0.024207,1.0
0.001753,0.017913,0.001412,0.001193,0.022538,1.0
0.000341,0.007788,0,0.00022,0.006678,1.0
0,0,0,0,0,0.0
0,0,0,0,0,0.0
0,0,0,0,0,0.0
0,0,0,0,0,0.0
0,0,0,0,0,0.0
0,0,0,0,0,0.0
0.001026,0.021028,0.002825,0.000665,0.016694,0.0
0.000628,0.014798,0.014124,0.000527,0.013356,0.0
0.000118,0.003115,0.004237,0.000155,0.002504,0.0
0.000089,0.002336,0.002825,0.000117,0.001669,0.0
0.000213,0.005452,0.004237,0.000211,0.004174,0.0
0.000149,0.003894,0.004237,0.000201,0.004174,0.0
0.001051,0.014798,0.002825,0.000844,0.018364,0.0
0.060143,0.061526,0.009887,0.002703,0.054257,0.0
0.052143,0.074766,0.103107,0.00337,0.07596,0.0
0.008232,0.008567,0,0.000405,0.008347,0.0
0.00376,0.014798,0.011299,0.001342,0.023372,0.0
0.000324,0.004673,0,0.000271,0.004174,0.0
0.002531,0.014019,0.009887,0.000522,0.013356,0.0
0.002359,0.010125,0,0.00069,0.013356,0.0
0.000623,0.008567,0,0.000368,0.007513,0.0
0.006977,0.016355,0,0.001107,0.017529,0.0
0,0,0,0,0,0.0
0,0,0,0,0,0.0
0,0,0,0,0,0.0
0.032143,0.041277,0,0.001548,0.042571,1.0
0.000198,0.003894,0,0.000117,0.003339,1.0
0.000196,0.003115,0,0.000087,0.002504,1.0
0.019571,0.038941,0.002825,0.002332,0.041736,1.0
0.001452,0.010903,0,0.00095,0.013356,1.0
0.000662,0.010125,0,0.000705,0.017529,1.0
0,0,0,0,0,0.0
0,0,0,0,0,0.0
0,0,0,0,0,0.0
0,0,0,0,0,0.0
0,0,0,0,0,0.0
0,0,0,0,0,0.0
0,0,0,0,0,0.0
0,0,0,0,0,0.0
0.000338,0.008567,0.007062,0.000708,0.019199,0.0
0.000428,0.010903,0.014124,0.000353,0.009182,0.0
0.00026,0.006231,0.007062,0.000229,0.005008,0.0
0.000159,0.003894,0.002825,0.000173,0.003339,0.0
0.000359,0.008567,0.007062,0.000274,0.006678,0.0
0.00023,0.004673,0.00565,0.000229,0.005008,0.0
0.00027,0.004673,0,0.000188,0.005008,0.0
0.00682,0.027259,0.009887,0.001272,0.030885,0.0
0.015351,0.027259,0.032486,0.0016,0.027546,0.0
0.062709,0.037383,0,0.001726,0.040067,0.0
0.00082,0.014019,0.001412,0.00087,0.018364,0.0
0.001068,0.011682,0.008475,0.000603,0.01419,0.0
0.010264,0.024143,0,0.000761,0.019199,0.0
0.120139,0.068536,0.008475,0.002262,0.058431,0.0
0.00175,0.021807,0.007062,0.001223,0.021703,0.0
0,0,0,0,0,0.0
0,0,0,0,0,0.0
0,0,0,0,0,0.0
0.000153,0.003894,0.00565,0.000376,0.011686,1.0
0.001901,0.021028,0.001412,0.001443,0.025042,1.0
0.003519,0.011682,0,0.001188,0.017529,1.0
0.003882,0.01947,0.001412,0.001294,0.020868,1.0
0.000533,0.007009,0,0.000372,0.007513,1.0
0,0,0,0,0,0.0
0,0,0,0,0,0.0
0.009526,0.015576,0,0.000684,0.016694,0.0
0,0,0,0,0,0.0
0,0,0,0,0,0.0
0.007549,0.017913,0,0.000907,0.019199,0.0
0,0,0,0,0,0.0
0,0,0,0,0,0.0
0,0,0,0,0,0.0
0,0,0,0,0,0.0
0,0,0,0,0,0.0
0,0,0,0,0,0.0
0,0,0,0,0,0.0
0.012513,0.035047,0.035311,0.002588,0.039232,0.0
0.000273,0.007009,0.009887,0.000262,0.005843,0.0
0.000491,0.012461,0.018362,0.000424,0.010851,0.0
0.000118,0.003115,0.004237,0.000183,0.003339,0.0
0.000262,0.006231,0.008475,0.000229,0.005008,0.0
0.000149,0.003894,0.002825,0.00014,0.002504,0.0
0.00047,0.007009,0,0.000468,0.010017,0.0
0.01909,0.03271,0.024011,0.002499,0.045075,0.0
0.004717,0.024143,0.011299,0.001484,0.034224,0.0
0.003176,0.018692,0.009887,0.001023,0.024207,0.0
0.000488,0.010125,0.009887,0.000515,0.012521,0.0
0.007738,0.016355,0.007062,0.001334,0.022538,0.0
0.026655,0.059969,0.056497,0.003719,0.055092,0.0
0.00359,0.021807,0.016949,0.001455,0.022538,0.0
0.003909,0.015576,0,0.000939,0.016694,0.0
0.004256,0.015576,0,0.000976,0.018364,0.0
0.026233,0.041277,0.042373,0.001903,0.034224,0.0
0.010003,0.018692,0,0.0008,0.020033,0.0
0.019741,0.031153,0.028249,0.002115,0.041736,0.0
0.513884,0.33567,0.394068,0.008967,0.245409,0.0
0,0,0,0,0,0.0
0.017319,0.03271,0,0.002364,0.041736,0.0
0,0,0,0,0,0.0
0,0,0,0,0,0.0
0,0,0,0,0,0.0
0.000188,0.004673,0,0.000112,0.003339,1.0
0.000466,0.009346,0.001412,0.000655,0.012521,1.0
0.002354,0.01947,0.007062,0.001168,0.026711,1.0
0.001595,0.020249,0,0.001173,0.021703,1.0
0.003778,0.017913,0,0.001456,0.021703,1.0
0.000641,0.008567,0,0.000466,0.010017,1.0
0,0,0,0,0,0.0
0,0,0,0,0,0.0
0,0,0,0,0,0.0
0,0,0,0,0,0.0
0,0,0,0,0,0.0
0,0,0,0,0,0.0
0,0,0,0,0,0.0
0,0,0,0,0,0.0
0,0,0,0,0,0.0
0,0,0,0,0,0.0
0,0,0,0,0,0.0
0,0,0,0,0,0.0
0,0,0,0,0,0.0
0,0,0,0,0,0.0
0,0,0,0,0,0.0
0.01603,0.028816,0.036723,0.00167,0.03005,0.0
0,0,0,0,0,0.0
0,0,0,0,0,0.0
0,0,0,0,0,0.0
0,0,0,0,0,0.0
0,0,0,0,0,0.0
0,0,0,0,0,0.0
0.029411,0.05296,0.073446,0.003393,0.059265,0.0
0,0,0,0,0,0.0
0,0,0,0,0,0.0
0.000731,0.008567,0,0.000576,0.010017,0.0
0.003253,0.015576,0.009887,0.001135,0.018364,0.0
0.028294,0.05296,0.067797,0.002965,0.0601,0.0
0.000118,0.003115,0.002825,0.000117,0.001669,0.0
0.000118,0.003115,0.008475,0.000518,0.013356,0.0
0.003627,0.017134,0.033898,0.002339,0.028381,0.0
0.000089,0.002336,0.002825,0.000208,0.005008,0.0
0.000213,0.005452,0.004237,0.000211,0.004174,0.0
0.000648,0.014019,0.012712,0.00066,0.018364,0.0
0.000341,0.008567,0.012712,0.000645,0.018364,0.0
0.000119,0.003115,0.002825,0.000117,0.001669,0.0
0.000149,0.003894,0.004237,0.000155,0.002504,0.0
0.0005,0.012461,0.009887,0.000554,0.015025,0.0
0.000212,0.005452,0.00565,0.000345,0.008347,0.0
0.00037,0.009346,0.00565,0.000289,0.006678,0.0
0.00015,0.003894,0.004237,0.000178,0.003339,0.0
0.000118,0.003115,0.004237,0.000155,0.002504,0.0
0.000118,0.003115,0.007062,0.000386,0.010017,0.0
0.000308,0.007788,0.007062,0.000378,0.009182,0.0
0.000383,0.008567,0.011299,0.000302,0.007513,0.0
0.005707,0.024922,0.015537,0.001856,0.027546,0.0
0.00142,0.015576,0.002825,0.000525,0.011686,0.0
0.003437,0.020249,0.008475,0.001321,0.024207,0.0
0.007585,0.022586,0.008475,0.001218,0.025042,0.0
0.027672,0.054517,0.076271,0.003229,0.060935,0.0
0.009351,0.009346,0,0.000442,0.009182,0.0
0.009738,0.035826,0.015537,0.002752,0.038397,0.0
0.028674,0.05296,0.050847,0.002421,0.043406,0.0
0.014146,0.036604,0.04661,0.003035,0.040067,0.0
0.040066,0.056854,0.094633,0.003505,0.065943,0.0
0.000625,0.012461,0.008475,0.000513,0.011686,0.0
0.00451,0.024922,0.018362,0.00135,0.025042,0.0
0.00106,0.020249,0.024011,0.000957,0.022538,0.0
0.033027,0.062305,0.084746,0.003957,0.067613,0.0
0.030888,0.055296,0.079096,0.00331,0.06177,0.0
0.000783,0.014019,0.004237,0.000679,0.01419,0.0
0.026693,0.050623,0.070621,0.002904,0.058431,0.0
0.027431,0.049844,0.069209,0.002769,0.054257,0.0
0.062661,0.029595,0,0.001432,0.03172,0.0
0.028208,0.051402,0.072034,0.003003,0.057596,0.0
0,0,0,0,0,0.0
0,0,0,0,0,0.0
0,0,0,0,0,0.0
0,0,0,0,0,0.0
0,0,0,0,0,0.0
0.030003,0.059969,0.079096,0.003873,0.065109,0.0
0,0,0,0,0,0.0
0,0,0,0,0,0.0
0,0,0,0,0,0.0
0,0,0,0,0,0.0
0,0,0,0,0,0.0
0,0,0,0,0,0.0
0,0,0,0,0,0.0
0,0,0,0,0,0.0
0,0,0,0,0,0.0
0.000468,0.009346,0.001412,0.000686,0.013356,1.0
0.001015,0.010903,0.001412,0.00074,0.015025,1.0
0.000466,0.009346,0.001412,0.000655,0.012521,1.0
0.001838,0.01947,0.001412,0.001262,0.024207,1.0
0.001466,0.017134,0.001412,0.001139,0.020868,1.0
0.001195,0.014019,0,0.000737,0.01419,1.0
0.003745,0.017134,0,0.001301,0.020868,1.0
0,0,0,0,0,0.0
0,0,0,0,0,0.0
0,0,0,0,0,0.0
0,0,0,0,0,0.0
0,0,0,0,0,0.0
0,0,0,0,0,0.0
0.000783,0.010903,0,0.00056,0.010017,0.0
0,0,0,0,0,0.0
0,0,0,0,0,0.0
0,0,0,0,0,0.0
0,0,0,0,0,0.0
0,0,0,0,0,0.0
0,0,0,0,0,0.0
0.00015,0.003894,0.00565,0.000267,0.005843,0.0
0.000149,0.003894,0.004237,0.000155,0.002504,0.0
0.000118,0.003115,0.016949,0.000462,0.011686,0.0
0.000149,0.003894,0.004237,0.000155,0.002504,0.0
0.143306,0.160436,0.024011,0.010105,0.135225,0.0
0.000118,0.003115,0.004237,0.000206,0.004174,0.0
0.000312,0.007788,0.00565,0.000391,0.010017,0.0
0.011595,0.021028,0.008475,0.000825,0.021703,0.0
0.005999,0.015576,0.004237,0.000654,0.01586,0.0
0.007784,0.020249,0.015537,0.00109,0.016694,0.0
0.000988,0.010125,0.001412,0.000645,0.011686,0.0
0.013009,0.01947,0,0.000916,0.019199,0.0
0.018678,0.020249,0,0.000798,0.020033,0.0
0.057099,0.068536,0.012712,0.003766,0.070117,0.0
0.000789,0.014798,0.014124,0.000651,0.01586,0.0
0.015719,0.028037,0.001412,0.001912,0.025042,0.0
0.032952,0.04595,0.00565,0.00205,0.050083,0.0
0.001375,0.009346,0.00565,0.000693,0.010017,0.0
0.007776,0.022586,0,0.001017,0.023372,0.0
0.007624,0.042056,0.05791,0.002817,0.046745,0.0
0.01231,0.017913,0.007062,0.000817,0.016694,0.0
0.002698,0.021028,0.007062,0.001375,0.020033,0.0
0.003281,0.014798,0.001412,0.001057,0.016694,0.0
0.020251,0.028816,0.001412,0.001494,0.036728,0.0
0,0,0,0,0,0.0
0,0,0,0,0,0.0
0,0,0,0,0,0.0
0,0,0,0,0,0.0
0.000966,0.009346,0,0.000605,0.010851,1.0
0.001358,0.014798,0.001412,0.00089,0.017529,1.0
0.006061,0.020249,0,0.001904,0.025042,1.0
0.015232,0.021807,0,0.001117,0.021703,1.0
0.000564,0.007788,0,0.000443,0.009182,1.0
0.00096,0.010125,0,0.000678,0.011686,0.0
0,0,0,0,0,0.0
0,0,0,0,0,0.0
0,0,0,0,0,0.0
0,0,0,0,0,0.0
0,0,0,0,0,0.0
0.00006,0.001558,0,0,0,0.0
0.000118,0.003115,0.004237,0.000155,0.002504,0.0
0.000215,0.005452,0.007062,0.000267,0.005843,0.0
0.000253,0.006231,0.004237,0.000244,0.005008,0.0
0.006695,0.018692,0,0.00087,0.018364,0.0
0.000744,0.009346,0,0.000588,0.010017,0.0
0.017962,0.028816,0.038136,0.002327,0.035058,0.0
0.008907,0.017913,0,0.000932,0.018364,0.0
0.000648,0.012461,0.004237,0.000635,0.011686,0.0
0.01336,0.029595,0.015537,0.001758,0.033389,0.0
0.016712,0.027259,0,0.001266,0.025042,0.0
0.000204,0.003894,0.004237,0.000234,0.006678,0.0
0.018895,0.041277,0.016949,0.001422,0.036728,0.0
0.00006,0.001558,0,0.000023,0.000835,0.0
0.001341,0.012461,0.001412,0.000684,0.013356,0.0
0.069288,0.07866,0.05791,0.004834,0.09182,0.0
0,0,0,0,0,0.0
0,0,0,0,0,0.0
0,0,0,0,0,0.0
0.000399,0.007788,0.001412,0.000322,0.009182,1.0
0.001441,0.016355,0.001412,0.001116,0.020033,1.0
0.001441,0.016355,0.001412,0.001116,0.020033,1.0
0.006254,0.015576,0,0.000961,0.01419,1.0
0.006027,0.01947,0,0.001904,0.025042,1.0
0.006123,0.021807,0,0.001932,0.025876,1.0
0.005997,0.018692,0,0.001876,0.024207,1.0
0.006123,0.021807,0,0.001932,0.025876,1.0
0.002869,0.01324,0,0.000988,0.01586,1.0
0.02198,0.042835,0.015537,0.00216,0.047579,0.0
0,0,0,0,0,0.0
0,0,0,0,0,0.0
0,0,0,0,0,0.0
0,0,0,0,0,0.0
0,0,0,0,0,0.0
0,0,0,0,0,0.0
0,0,0,0,0,0.0
0,0,0,0,0,0.0
0,0,0,0,0,0.0
0,0,0,0,0,0.0
0,0,0,0,0,0.0
0.000726,0.009346,0,0.000606,0.010851,0.0
0.00015,0.003894,0.004237,0.000183,0.003339,0.0
0.000297,0.006231,0.00565,0.000223,0.005008,0.0
0.00023,0.005452,0.007062,0.000229,0.005008,0.0
0.000183,0.004673,0.004237,0.000211,0.004174,0.0
0.000177,0.004673,0.011299,0.000269,0.006678,0.0
0.020261,0.027259,0,0.001262,0.030885,0.0
0.005876,0.02648,0.00565,0.001574,0.034224,0.0
0.013296,0.028037,0.028249,0.001297,0.026711,0.0
0.000644,0.014019,0.008475,0.00047,0.01419,0.0
0.00508,0.020249,0.021186,0.001341,0.019199,0.0
0.012393,0.016355,0.00565,0.00078,0.01586,0.0
0.0002,0.004673,0,0.000201,0.005843,0.0
0.039967,0.05296,0.012712,0.003548,0.064274,0.0
0.001723,0.021028,0.019774,0.001301,0.027546,0.0
0.000493,0.006231,0,0.000528,0.013356,0.0
0,0,0,0,0,0.0
0,0,0,0,0,0.0
0.013189,0.024922,0.021186,0.001149,0.021703,0.0
0,0,0,0,0,0.0
0,0,0,0,0,0.0
0,0,0,0,0,0.0
0.000469,0.009346,0.001412,0.000658,0.012521,1.0
0.001471,0.017134,0.001412,0.001117,0.020033,1.0
0.006091,0.021028,0,0.001877,0.024207,1.0
0.000679,0.009346,0,0.000457,0.010017,1.0
0.001362,0.007009,0,0.000512,0.008347,1.0
0.004317,0.010125,0,0.000439,0.010851,1.0
0.00006,0.001558,0,0,0,1.0
0,0,0,0,0,0.0
0,0,0,0,0,0.0
0,0,0,0,0,0.0
0,0,0,0,0,0.0
0.011871,0.014798,0,0.000552,0.015025,0.0
0,0,0,0,0,0.0
0,0,0,0,0,0.0
0.001467,0.016355,0.008475,0.000841,0.017529,0.0
0.000118,0.003115,0.004237,0.00047,0.012521,0.0
0.00039,0.009346,0.014124,0.000856,0.024207,0.0
0.021443,0.030374,0.012712,0.001871,0.035893,0.0
0.000217,0.005452,0.004237,0.000173,0.003339,0.0
0.000178,0.004673,0.004237,0.000178,0.003339,0.0
0.000244,0.006231,0.007062,0.000317,0.007513,0.0
0.020358,0.028816,0.001412,0.001283,0.030885,0.0
0.071488,0.083333,0.002825,0.002671,0.072621,0.0
0.056933,0.055296,0.018362,0.003195,0.071786,0.0
0.004763,0.024143,0.004237,0.001143,0.023372,0.0
0.001063,0.009346,0,0.000464,0.010017,0.0
0.000963,0.01324,0.002825,0.001216,0.025876,0.0
0.007005,0.016355,0.00565,0.000704,0.018364,0.0
0.002954,0.018692,0.021186,0.001161,0.022538,0.0
0.009776,0.015576,0.009887,0.001349,0.019199,0.0
0.021752,0.038941,0.004237,0.001966,0.042571,0.0
0.030804,0.055296,0.007062,0.002735,0.057596,0.0
0,0,0,0,0,0.0
0,0,0,0,0,0.0
0,0,0,0,0,0.0
0.004766,0.018692,0,0.001654,0.023372,1.0
0,0,0,0,0,0.0
0,0,0,0,0,0.0
0,0,0,0,0,0.0
0,0,0,0,0,0.0
0,0,0,0,0,0.0
0,0,0,0,0,0.0
0,0,0,0,0,0.0
0.013012,0.017913,0,0.000899,0.019199,0.0
0.000467,0.010125,0.009887,0.000526,0.01419,0.0
0.000294,0.006231,0.00565,0.000271,0.005008,0.0
0.000213,0.005452,0.004237,0.000211,0.004174,0.0
0.000262,0.006231,0.008475,0.000229,0.005008,0.0
0.000149,0.003894,0.026836,0.00116,0.032554,0.0
0.000471,0.011682,0.009887,0.000462,0.011686,0.0
0.023267,0.03271,0.008475,0.001847,0.035058,0.0
0.003473,0.025701,0.014124,0.001262,0.026711,0.0
0.018558,0.037383,0.049435,0.002791,0.040067,0.0
0.019701,0.031931,0.045198,0.002714,0.037563,0.0
0.138224,0.137072,0.002825,0.004745,0.132721,0.0
0.002852,0.009346,0,0.000432,0.009182,0.0
0.007719,0.012461,0.00565,0.000473,0.011686,0.0
0.00438,0.015576,0,0.000841,0.017529,0.0
0.001759,0.01947,0.022599,0.001111,0.027546,0.0
0.058439,0.061526,0.001412,0.002664,0.065943,0.0
0.007415,0.01947,0.008475,0.00094,0.022538,0.0
0.00067,0.006231,0,0.000353,0.006678,0.0
0.011139,0.041277,0.029661,0.003585,0.050918,0.0
0.009365,0.017913,0.016949,0.001196,0.019199,0.0
0.005177,0.017913,0.004237,0.000752,0.016694,0.0
0.000691,0.011682,0,0.000636,0.011686,0.0
0.015442,0.016355,0,0.001081,0.018364,0.0
0.004505,0.017913,0.00565,0.001008,0.020033,0.0
0,0,0,0,0,0.0
0,0,0,0,0,0.0
0,0,0,0,0,0.0
0.00024,0.004673,0,0.000288,0.005008,1.0
0.003714,0.007788,0,0.000609,0.009182,0.0
0,0,0,0,0,0.0
0,0,0,0,0,0.0
0,0,0,0,0,0.0
0,0,0,0,0,0.0
0,0,0,0,0,0.0
0,0,0,0,0,0.0
0,0,0,0,0,0.0
0,0,0,0,0,0.0
0,0,0,0,0,0.0
0,0,0,0,0,0.0
0,0,0,0,0,0.0
0,0,0,0,0,0.0
0.002389,0.01324,0,0.000633,0.015025,0.0
0.000231,0.004673,0.00565,0.000279,0.006678,0.0
0.000391,0.009346,0.012712,0.00033,0.008347,0.0
0.000281,0.005452,0,0.000292,0.005008,0.0
0.237044,0.204829,0,0.005922,0.156093,0.0
0.01895,0.041277,0.05791,0.002993,0.04591,0.0
0.039931,0.035826,0,0.001779,0.038397,0.0
0.008928,0.014798,0.002825,0.001509,0.025042,0.0
0.007738,0.02648,0.007062,0.001219,0.03005,0.0
0.01888,0.043614,0.060734,0.004784,0.057596,0.0
0.041085,0.042056,0.049435,0.002136,0.038397,0.0
0.019443,0.03972,0.031073,0.002498,0.045075,0.0
0.00009,0.002336,0,0.000084,0.002504,0.0
0.012933,0.01947,0,0.000887,0.019199,0.0
0.005892,0.017134,0,0.00089,0.019199,0.0
0.039942,0.050623,0.004237,0.002578,0.064274,0.0
0.005675,0.025701,0.014124,0.0014,0.03005,0.0
0.018099,0.030374,0.04096,0.002734,0.035058,0.0
0.017961,0.027259,0.022599,0.001933,0.028381,0.0
0.000528,0.008567,0,0.000465,0.010017,0.0
0.004663,0.017913,0,0.001289,0.01586,0.0
0.000744,0.008567,0,0.00065,0.011686,0.0
0,0,0,0,0,0.0
0,0,0,0,0,0.0
0,0,0,0,0,0.0
0,0,0,0,0,0.0
0,0,0,0,0,0.0
0.00152,0.010903,0,0.000661,0.012521,1.0
0.000613,0.007788,0,0.000377,0.007513,1.0
0.040182,0.05919,0.083333,0.003788,0.062604,0.0
0,0,0,0,0,0.0
0,0,0,0,0,0.0
0,0,0,0,0,0.0
0,0,0,0,0,0.0
0.018474,0.042056,0.059322,0.00317,0.045075,0.0
0.008531,0.027259,0.019774,0.001633,0.029215,0.0
0,0,0,0,0,0.0
0,0,0,0,0,0.0
0,0,0,0,0,0.0
0,0,0,0,0,0.0
0.000241,0.006231,0.008475,0.000256,0.005843,0.0
0.000245,0.006231,0.004237,0.000211,0.004174,0.0
0.000372,0.009346,0.008475,0.000589,0.016694,0.0
0.000289,0.006231,0.00565,0.000246,0.005843,0.0
0.000245,0.006231,0.00565,0.000239,0.005008,0.0
0.033941,0.056854,0.056497,0.002742,0.048414,0.0
0.000662,0.007788,0,0.000424,0.009182,0.0
0.017453,0.040498,0.018362,0.002229,0.040067,0.0
0.002067,0.023364,0.002825,0.001457,0.023372,0.0
0.113158,0.11215,0,0.003911,0.109349,0.0
0.055074,0.074766,0,0.00778,0.065109,0.0
0.003441,0.018692,0.002825,0.001435,0.020033,0.0
0.002526,0.014019,0.011299,0.001077,0.01586,0.0
0.064677,0.062305,0.029661,0.004324,0.066778,0.0
0.03024,0.021028,0.025424,0.001582,0.023372,0.0
0.010936,0.029595,0.015537,0.002869,0.041736,0.0
0.016256,0.028037,0.002825,0.001612,0.040067,0.0
0.008088,0.023364,0,0.001864,0.020868,0.0
0.004705,0.011682,0,0.000694,0.013356,0.0
0.008325,0.023364,0,0.001049,0.024207,0.0
0.005478,0.01324,0,0.000851,0.013356,0.0
0.011106,0.017134,0,0.001904,0.025042,0.0
0.000784,0.017913,0.007062,0.000586,0.01419,0.0
0.003791,0.021028,0.022599,0.001445,0.021703,0.0
0.112523,0.112928,0,0.003748,0.107679,0.0
0.011988,0.031931,0.001412,0.001741,0.035893,0.0
0.236294,0.198598,0,0.005838,0.166945,0.0
0.019863,0.036604,0.036723,0.002045,0.036728,0.0
0,0,0,0,0,0.0
0,0,0,0,0,0.0
0,0,0,0,0,0.0
0.008219,0.024922,0.015537,0.001617,0.028381,1.0
0,0,0,0,0,0.0
0,0,0,0,0,0.0
0,0,0,0,0,0.0
0,0,0,0,0,0.0
0,0,0,0,0,0.0
0,0,0,0,0,0.0
0,0,0,0,0,0.0
0,0,0,0,0,0.0
0,0,0,0,0,0.0
0,0,0,0,0,0.0
0,0,0,0,0,0.0
0.009531,0.027259,0.039548,0.002334,0.033389,0.0
0.017324,0.030374,0.004237,0.001645,0.029215,0.0
0.000361,0.007788,0.009887,0.000317,0.007513,0.0
0.000303,0.007788,0.009887,0.000289,0.006678,0.0
0.000354,0.009346,0.004237,0.000343,0.009182,0.0
0.008696,0.008567,0.009887,0.000903,0.010851,0.0
0.001544,0.025701,0.028249,0.001904,0.027546,0.0
0.000303,0.007788,0.009887,0.000262,0.005843,0.0
0.000325,0.008567,0.009887,0.0005,0.01419,0.0
0.02882,0.05296,0.064972,0.003077,0.057596,0.0
0.001582,0.014019,0.001412,0.001104,0.016694,0.0
0.017575,0.028816,0,0.001982,0.035058,0.0
0.001354,0.015576,0.001412,0.000846,0.017529,0.0
0.017585,0.029595,0,0.001529,0.029215,0.0
0.01147,0.022586,0.009887,0.001411,0.029215,0.0
0.000378,0.007009,0.002825,0.000187,0.005008,0.0
0.033643,0.049844,0.063559,0.002888,0.052588,0.0
0.00089,0.011682,0.001412,0.000628,0.010851,0.0
0.006403,0.024143,0.002825,0.001071,0.024207,0.0
0.011114,0.025701,0.026836,0.00169,0.025042,0.0
0.053564,0.049844,0.066384,0.003309,0.054257,0.0
0.033431,0.028037,0.004237,0.001108,0.029215,0.0
0.130311,0.077882,0.004237,0.002307,0.065109,0.0
0.000993,0.007788,0,0.000369,0.007513,0.0
0.005458,0.021028,0.002825,0.001775,0.032554,0.0
0,0,0,0,0,0.0
0,0,0,0,0,0.0
0,0,0,0,0,0.0
0,0,0,0,0,0.0
0.000955,0.016355,0.007062,0.000624,0.01586,1.0
0.001822,0.01947,0.001412,0.001479,0.025876,1.0
0.004766,0.018692,0,0.001656,0.023372,1.0
0.006029,0.01947,0,0.001907,0.025042,1.0
0.032099,0.03972,0,0.001524,0.041736,1.0
0,0,0,0,0,0.0
0,0,0,0,0,0.0
0,0,0,0,0,0.0
0,0,0,0,0,0.0
0,0,0,0,0,0.0
0,0,0,0,0,0.0
0,0,0,0,0,0.0
0,0,0,0,0,0.0
0.008105,0.031153,0.038136,0.002893,0.034224,0.0
0,0,0,0,0,0.0
0,0,0,0,0,0.0
0,0,0,0,0,0.0
0.000303,0.007788,0.009887,0.000262,0.005843,0.0
0.000881,0.011682,0.004237,0.000718,0.013356,0.0
0.000273,0.007009,0.009887,0.000262,0.005843,0.0
0.000247,0.006231,0.004237,0.000211,0.004174,0.0
0.004627,0.022586,0.00565,0.001109,0.024207,0.0
0.000245,0.006231,0.004237,0.000211,0.004174,0.0
0.000338,0.008567,0.009887,0.000289,0.006678,0.0
0.008546,0.033489,0.043785,0.003185,0.043406,0.0
0.00552,0.022586,0.002825,0.001529,0.025042,0.0
0.023993,0.040498,0.014124,0.002235,0.04591,0.0
0.004291,0.025701,0.016949,0.001777,0.025042,0.0
0.00278,0.028816,0.002825,0.001461,0.028381,0.0
0.002128,0.020249,0.008475,0.001241,0.023372,0.0
0.111184,0.104361,0,0.003412,0.097663,0.0
0,0,0,0,0,0.0
0,0,0,0,0,0.0
0,0,0,0,0,0.0
0.001429,0.014798,0.001412,0.000898,0.019199,1.0
0.003003,0.012461,0.011299,0.000997,0.013356,1.0
0.006962,0.01947,0,0.000819,0.018364,1.0
0.002943,0.008567,0,0.000407,0.008347,1.0
0.032257,0.042835,0,0.001576,0.043406,1.0
0,0,0,0,0,0.0
0,0,0,0,0,0.0
0,0,0,0,0,0.0
0,0,0,0,0,0.0
0,0,0,0,0,0.0
0.008055,0.014019,0,0.000585,0.013356,0.0
0,0,0,0,0,0.0
0.001036,0.007009,0,0.000424,0.009182,0.0
0.000388,0.009346,0.008475,0.000703,0.020868,0.0
0.000181,0.004673,0.004237,0.000366,0.010017,0.0
0.000341,0.008567,0.008475,0.000475,0.012521,0.0
0.000652,0.014019,0.026836,0.000625,0.018364,0.0
0.002352,0.010125,0.021186,0.001158,0.015025,0.0
0.000149,0.003894,0.004237,0.000155,0.002504,0.0
0.000517,0.011682,0.007062,0.000312,0.007513,0.0
0.000212,0.005452,0.004237,0.000234,0.005008,0.0
0.000233,0.004673,0.00565,0.000206,0.004174,0.0
0.000118,0.003115,0.004237,0.000155,0.002504,0.0
0.000089,0.002336,0.002825,0.000117,0.001669,0.0
0.000238,0.006231,0.00565,0.000201,0.004174,0.0
0.009007,0.028816,0.033898,0.002199,0.030885,0.0
0.001398,0.021028,0.008475,0.000905,0.020868,0.0
0.00331,0.015576,0.001412,0.000787,0.015025,0.0
0.019204,0.030374,0.022599,0.002143,0.033389,0.0
0.00006,0.001558,0,0.000218,0.006678,0.0
0.004854,0.018692,0,0.001084,0.025042,0.0
0.031485,0.047508,0.064972,0.002472,0.047579,0.0
0.007871,0.035826,0.015537,0.002474,0.040902,0.0
0.00006,0.001558,0,0,0,0.0
0,0,0,0,0,0.0
0,0,0,0,0,0.0
0,0,0,0,0,0.0
0.010669,0.020249,0.009887,0.001337,0.022538,0.0
0,0,0,0,0,0.0
0.032193,0.041277,0,0.001564,0.042571,1.0
0.001752,0.018692,0.001412,0.001232,0.023372,1.0
0.001063,0.008567,0,0.000383,0.007513,1.0
0,0,0,0,0,0.0
0,0,0,0,0,0.0
0,0,0,0,0,0.0
0,0,0,0,0,0.0
0.036711,0.065421,0.069209,0.003478,0.06177,0.0
0.000181,0.004673,0.004237,0.000211,0.004174,0.0
0.000309,0.007788,0.008475,0.000295,0.006678,0.0
0.003774,0.015576,0.011299,0.001135,0.01419,0.0
0.095874,0.080218,0.004237,0.00305,0.081803,0.0
0.006358,0.034268,0.038136,0.002456,0.034224,0.0
0.065716,0.07243,0.004237,0.003762,0.073456,0.0
0.011208,0.021807,0.001412,0.001325,0.024207,0.0
0.021017,0.033489,0,0.001381,0.032554,0.0
0.002936,0.016355,0,0.00078,0.017529,0.0
0.016348,0.03271,0.035311,0.001847,0.035058,0.0
0.001363,0.017913,0.00565,0.001024,0.023372,0.0
0.000732,0.009346,0,0.000545,0.009182,0.0
0.000868,0.010125,0,0.000536,0.011686,0.0
0.038375,0.047508,0.00565,0.002948,0.049249,0.0
0.18629,0.221184,0.008475,0.006481,0.190317,0.0
0.012907,0.017134,0.002825,0.000964,0.021703,0.0
0,0,0,0,0,0.0
0,0,0,0,0,0.0
0,0,0,0,0,0.0
0,0,0,0,0,0.0
0,0,0,0,0,0.0
0,0,0,0,0,0.0
0,0,0,0,0,0.0
0.032128,0.038162,0,0.00147,0.040067,1.0
0.000183,0.004673,0.00565,0.000376,0.011686,1.0
0,0,0,0,0,0.0
0,0,0,0,0,0.0
0,0,0,0,0,0.0
0,0,0,0,0,0.0
0,0,0,0,0,0.0
0,0,0,0,0,0.0
0.00063,0.007788,0.001412,0.000385,0.007513,0.0
0.000149,0.003894,0.004237,0.000246,0.005843,0.0
0.000311,0.007788,0.008475,0.000322,0.007513,0.0
0.000308,0.007788,0.011299,0.000541,0.01419,0.0
0.000642,0.014798,0.018362,0.000792,0.023372,0.0
0.000089,0.002336,0.002825,0.000168,0.003339,0.0
0.000118,0.003115,0.004237,0.000211,0.004174,0.0
0.000674,0.01324,0.008475,0.000756,0.020033,0.0
0.021502,0.028816,0.004237,0.001747,0.037563,0.0
0.00006,0.001558,0,0.000056,0.001669,0.0
0.006947,0.025701,0.031073,0.002155,0.034224,0.0
0.005883,0.024143,0.022599,0.001484,0.026711,0.0
0,0,0,0,0,0.0
0,0,0,0,0,0.0
0,0,0,0,0,0.0
0,0,0,0,0,0.0
0,0,0,0,0,0.0
0.031867,0.034268,0,0.001331,0.035893,1.0
0.001289,0.015576,0.001412,0.000897,0.018364,1.0
0.000588,0.011682,0.001412,0.000612,0.015025,1.0
0,0,0,0,0,0.0
0,0,0,0,0,0.0
0,0,0,0,0,0.0
0,0,0,0,0,0.0
0,0,0,0,0,0.0
0,0,0,0,0,0.0
0,0,0,0,0,0.0
0,0,0,0,0,0.0
0,0,0,0,0,0.0
0,0,0,0,0,0.0
0.00073,0.008567,0,0.000725,0.01419,0.0
0.000183,0.004673,0.004237,0.000183,0.003339,0.0
0.000215,0.005452,0.004237,0.000239,0.005008,0.0
0.000212,0.005452,0.004237,0.000206,0.004174,0.0
0.00723,0.01947,0.011299,0.000823,0.021703,0.0
0.000201,0.003894,0.00565,0.000178,0.003339,0.0
0.000206,0.005452,0.004237,0.000178,0.003339,0.0
0.000118,0.003115,0.004237,0.000155,0.002504,0.0
0.046175,0.049065,0.00565,0.001948,0.051753,0.0
0.000667,0.01324,0.002825,0.000636,0.011686,0.0
0.000932,0.011682,0.001412,0.000658,0.011686,0.0
0.025127,0.048287,0.049435,0.00243,0.047579,0.0
0.012417,0.023364,0.00565,0.00084,0.024207,0.0
0.001849,0.020249,0,0.001064,0.020868,0.0
0.000544,0.006231,0,0.000784,0.019199,0.0
0.008242,0.017913,0.002825,0.000636,0.015025,0.0
0.008388,0.02648,0.035311,0.002277,0.030885,0.0
0,0,0,0,0,0.0
0.029763,0.045171,0.001412,0.001846,0.04591,0.0
0,0,0,0,0,0.0
0,0,0,0,0,0.0
0,0,0,0,0,0.0
0,0,0,0,0,0.0
0.001281,0.007788,0,0.000557,0.008347,1.0
0,0,0,0,0,0.0
0,0,0,0,0,0.0
0,0,0,0,0,0.0
0,0,0,0,0,0.0
0,0,0,0,0,0.0
0,0,0,0,0,0.0
0.000311,0.007788,0.007062,0.000322,0.007513,0.0
0.000434,0.010125,0.011299,0.000706,0.021703,0.0
0.000239,0.006231,0.008475,0.000338,0.005843,0.0
0.000497,0.012461,0.004237,0.000406,0.010017,0.0
0.000759,0.01324,0.008475,0.000636,0.015025,0.0
0.00131,0.016355,0.002825,0.001022,0.017529,0.0
0.001594,0.017134,0.00565,0.001072,0.01586,0.0
0,0,0,0,0,0.0
0,0,0,0,0,0.0
0.001293,0.014798,0.004237,0.00066,0.016694,0.0
0,0,0,0,0,0.0
0,0,0,0,0,0.0
0.000533,0.007009,0,0.000373,0.007513,1.0
0.012747,0.028816,0.001412,0.001999,0.025876,1.0
0,0,0,0,0,0.0
0,0,0,0,0,0.0
0,0,0,0,0,0.0
0,0,0,0,0,0.0
0,0,0,0,0,0.0
0,0,0,0,0,0.0
0,0,0,0,0,0.0
0,0,0,0,0,0.0
0.019246,0.025701,0.009887,0.001362,0.03172,0.0
0.00026,0.006231,0.007062,0.000201,0.004174,0.0
0.000207,0.005452,0.009887,0.000493,0.009182,0.0
0.000088,0.002336,0.004237,0.000155,0.002504,0.0
0.000338,0.007788,0.012712,0.000381,0.010017,0.0
1,1,0.016949,0.042385,1,0.0
0.021256,0.037383,0.055085,0.002725,0.053422,0.0
0.010172,0.031931,0,0.003235,0.035893,0.0
0.024209,0.034268,0.012712,0.002067,0.036728,0.0
0.014938,0.028816,0,0.001492,0.030885,0.0
0.000263,0.005452,0.001412,0.000179,0.005008,0.0
0.041813,0.034268,0.002825,0.002448,0.033389,0.0
0.004466,0.01947,0.015537,0.001472,0.021703,0.0
0.003415,0.01324,0.009887,0.000982,0.013356,0.0
0.022598,0.043614,0.053672,0.002637,0.042571,0.0
0.00077,0.01324,0.001412,0.000719,0.013356,0.0
0,0,0,0,0,0.0
0,0,0,0,0,0.0
0,0,0,0,0,0.0
0.032255,0.044393,0,0.001639,0.045075,1.0
0.008201,0.024922,0.016949,0.001624,0.028381,1.0
0,0,0,0,0,0.0
0,0,0,0,0,0.0
0,0,0,0,0,0.0
0,0,0,0,0,0.0
0,0,0,0,0,0.0
0,0,0,0,0,0.0
0,0,0,0,0,0.0
0,0,0,0,0,0.0
0,0,0,0,0,0.0
0,0,0,0,0,0.0
0.010821,0.024143,0.004237,0.00079,0.021703,0.0
0.02009,0.038941,0.050847,0.002851,0.041736,0.0
0.000118,0.003115,0.004237,0.000617,0.017529,0.0
0.000149,0.003894,0.004237,0.000295,0.006678,0.0
0.017354,0.031153,0.004237,0.001645,0.029215,0.0
0.000118,0.003115,0.004237,0.000183,0.003339,0.0
0.000149,0.003894,0.00565,0.000455,0.010851,0.0
0.000305,0.007788,0.007062,0.000373,0.009182,0.0
0.022462,0.036604,0.038136,0.002045,0.035058,0.0
0.033808,0.052181,0.053672,0.002645,0.045075,0.0
0.006697,0.023364,0.025424,0.001441,0.025876,0.0
0.02843,0.057632,0.073446,0.003537,0.055092,0.0
0.021128,0.034268,0.042373,0.002243,0.040067,0.0
0.009433,0.028037,0.04096,0.002709,0.035893,0.0
0.03295,0.047508,0.055085,0.002369,0.04591,0.0
0,0,0,0,0,0.0
0,0,0,0,0,0.0
0,0,0,0,0,0.0
0,0,0,0,0,0.0
0.000581,0.007009,0,0.000388,0.007513,1.0
0.00006,0.001558,0,0,0,0.0
0,0,0,0,0,0.0
0,0,0,0,0,0.0
0,0,0,0,0,0.0
0,0,0,0,0,0.0
0,0,0,0,0,0.0
0,0,0,0,0,0.0
0,0,0,0,0,0.0
0,0,0,0,0,0.0
0,0,0,0,0,0.0
0.00015,0.003894,0.004237,0.000183,0.003339,0.0
0.000149,0.003894,0.004237,0.000368,0.009182,0.0
0.012941,0.04595,0.072034,0.003834,0.057596,0.0
0.000233,0.005452,0.007062,0.00019,0.004174,0.0
0.004945,0.021028,0.025424,0.001849,0.026711,0.0
0.00107,0.01324,0.002825,0.000996,0.021703,0.0
0.003713,0.023364,0.018362,0.00144,0.025876,0.0
0.001213,0.010903,0.004237,0.000533,0.011686,0.0
0.00131,0.016355,0.002825,0.001022,0.017529,0.0
0.001878,0.011682,0.00565,0.00053,0.011686,0.0
0.032032,0.034268,0.004237,0.001478,0.035893,0.0
0.010869,0.035826,0.015537,0.002958,0.035893,0.0
0.004148,0.014019,0.018362,0.001612,0.020033,0.0
0.00097,0.014019,0.004237,0.000607,0.013356,0.0
0,0,0,0,0,0.0
0,0,0,0,0,0.0
0,0,0,0,0,0.0
0,0,0,0,0,0.0
0,0,0,0,0,0.0
0.00075,0.010903,0.002825,0.000667,0.011686,0.0
0,0,0,0,0,0.0
0,0,0,0,0,0.0
0,0,0,0,0,0.0
0,0,0,0,0,0.0
0,0,0,0,0,0.0
0,0,0,0,0,0.0
0,0,0,0,0,0.0
0.000119,0.003115,0.002825,0.000151,0.001669,0.0
0.000657,0.014798,0.018362,0.000449,0.012521,0.0
0.000309,0.007788,0.007062,0.000295,0.006678,0.0
0.000149,0.003894,0.004237,0.000267,0.005843,0.0
0.000183,0.004673,0.004237,0.000173,0.003339,0.0
0.000149,0.003894,0.00565,0.000455,0.010851,0.0
0.011436,0.050623,0.081921,0.00388,0.062604,0.0
0.009779,0.036604,0.012712,0.002725,0.035893,0.0
0.009028,0.014798,0,0.000633,0.015025,0.0
0.000851,0.014798,0,0.000684,0.016694,0.0
0.061829,0.064642,0.002825,0.002612,0.069282,0.0
0.001148,0.018692,0.011299,0.000897,0.019199,0.0
0.017102,0.028816,0,0.001055,0.027546,0.0
0.011325,0.031153,0.009887,0.001864,0.040067,0.0
0.02218,0.035047,0.036723,0.001956,0.03172,0.0
0.000992,0.017913,0.008475,0.000818,0.020868,0.0
0.113691,0.115265,0.00565,0.003933,0.092654,0.0
0.003697,0.016355,0.00565,0.000952,0.018364,0.0
0.047219,0.050623,0,0.002126,0.055092,0.0
0.002066,0.009346,0,0.000432,0.009182,0.0
0,0,0,0,0,0.0
0.001261,0.011682,0.004237,0.000554,0.011686,0.0
0,0,0,0,0,0.0
0,0,0,0,0,0.0
0,0,0,0,0,0.0
0.032087,0.041277,0,0.001584,0.043406,1.0
0.00411,0.011682,0,0.000848,0.011686,1.0
0,0,0,0,0,0.0
0,0,0,0,0,0.0
0,0,0,0,0,0.0
0,0,0,0,0,0.0
0.000118,0.003115,0.004237,0.000201,0.004174,0.0
0.000201,0.003894,0.00565,0.000178,0.003339,0.0
0.000215,0.005452,0.00565,0.000201,0.004174,0.0
0.000326,0.007009,0.00565,0.000206,0.004174,0.0
0.000213,0.005452,0.002825,0.000173,0.003339,0.0
0.000644,0.009346,0,0.00075,0.010851,0.0
0.03068,0.049065,0.059322,0.002918,0.048414,0.0
0.000304,0.006231,0,0.000326,0.005843,0.0
0.001088,0.014019,0,0.00089,0.015025,0.0
0.003228,0.01324,0.014124,0.001129,0.01586,0.0
0.000202,0.003894,0.021186,0.000485,0.01419,0.0
0.01879,0.041277,0.05226,0.002931,0.043406,0.0
0.004208,0.017913,0.012712,0.001479,0.021703,0.0
0,0,0,0,0,0.0
0,0,0,0,0,0.0
0,0,0,0,0,0.0
0,0,0,0,0,0.0
0,0,0,0,0,0.0
0,0,0,0,0,0.0
0,0,0,0,0,0.0
0,0,0,0,0,0.0
0.003847,0.01324,0.014124,0.001211,0.017529,0.0
0,0,0,0,0,0.0
0,0,0,0,0,0.0
0,0,0,0,0,0.0
0,0,0,0,0,0.0
0,0,0,0,0,0.0
0,0,0,0,0,0.0
0,0,0,0,0,0.0
0.000198,0.004673,0.007062,0.000223,0.005008,0.0
0.000373,0.009346,0.007062,0.000284,0.006678,0.0
0.000503,0.012461,0.004237,0.00035,0.008347,0.0
0.000432,0.010125,0.009887,0.000325,0.008347,0.0
0.002979,0.01947,0.008475,0.001358,0.023372,0.0
0.007324,0.021028,0,0.00086,0.021703,0.0
0.004325,0.018692,0.004237,0.001367,0.025042,0.0
0.00112,0.014798,0,0.000891,0.015025,0.0
0.000204,0.003894,0.004237,0.000234,0.006678,0.0
0.014483,0.024922,0.016949,0.001538,0.027546,0.0
0.007082,0.017134,0.002825,0.000851,0.017529,0.0
0.018263,0.03972,0.012712,0.001743,0.043406,0.0
0.000643,0.010903,0,0.00067,0.013356,0.0
0.001167,0.010125,0,0.000808,0.010851,0.0
0.006708,0.011682,0.001412,0.000685,0.011686,0.0
0.00373,0.018692,0.016949,0.001585,0.025042,0.0
0.014293,0.035826,0.00565,0.001864,0.036728,0.0
0,0,0,0,0,0.0
0,0,0,0,0,0.0
0.00233,0.012461,0,0.000734,0.015025,0.0
0.004299,0.017913,0.016949,0.001564,0.024207,0.0
0,0,0,0,0,0.0
0,0,0,0,0,0.0
0.000317,0.005452,0.001412,0.000167,0.004174,0.0
0,0,0,0,0,0.0
0,0,0,0,0,0.0
0,0,0,0,0,0.0
0,0,0,0,0,0.0
0.000311,0.007788,0.009887,0.000322,0.007513,0.0
0.000279,0.007009,0.008475,0.000295,0.006678,0.0
0.0003,0.007009,0.008475,0.000229,0.005008,0.0
0.000121,0.003115,0.001412,0.000085,0.000835,0.0
0.000121,0.003115,0.002825,0.000173,0.003339,0.0
0.000576,0.008567,0.011299,0.005176,0.008347,0.0
0.011446,0.031931,0.031073,0.002282,0.029215,0.0
0.000296,0.006231,0,0.000342,0.006678,0.0
0.004446,0.005452,0,0.000344,0.005843,0.0
0.017308,0.027259,0.001412,0.001313,0.029215,0.0
0.083562,0.061526,0.00565,0.003141,0.089316,0.0
0.021825,0.034268,0.045198,0.002092,0.036728,0.0
0.030339,0.042056,0,0.002046,0.04424,0.0
0.003983,0.020249,0.016949,0.001643,0.026711,0.0
0.111184,0.104361,0,0.003412,0.097663,0.0
0.000238,0.004673,0,0.000262,0.004174,0.0
0.003969,0.014019,0.012712,0.001193,0.015025,0.0
0,0,0,0,0,0.0
0,0,0,0,0,0.0
0.00006,0.001558,0,0,0,1.0
0,0,0,0,0,0.0
0,0,0,0,0,0.0
0,0,0,0,0,0.0
0,0,0,0,0,0.0
0,0,0,0,0,0.0
0,0,0,0,0,0.0
0.003898,0.018692,0.001412,0.001105,0.023372,0.0
0.001226,0.017134,0.007062,0.000777,0.020033,0.0
0.000183,0.004673,0.004237,0.000183,0.003339,0.0
0.000213,0.005452,0.004237,0.000211,0.004174,0.0
0.000311,0.007788,0.009887,0.000406,0.010017,0.0
0.000247,0.006231,0.007062,0.000211,0.004174,0.0
0.000118,0.003115,0.004237,0.000183,0.003339,0.0
0.000359,0.007788,0.011299,0.000569,0.016694,0.0
0.000471,0.011682,0.007062,0.000335,0.008347,0.0
0.000149,0.003894,0.004237,0.000246,0.005843,0.0
0.009087,0.028037,0.025424,0.001881,0.028381,0.0
0.000738,0.010125,0.001412,0.000437,0.009182,0.0
0.012672,0.031153,0.007062,0.002187,0.032554,0.0
0.017945,0.027259,0.028249,0.001498,0.024207,0.0
0,0,0,0,0,0.0
0,0,0,0,0,0.0
0.00096,0.010125,0,0.000678,0.011686,0.0
0,0,0,0,0,0.0
0,0,0,0,0,0.0
0,0,0,0,0,0.0
0,0,0,0,0,0.0
0,0,0,0,0,0.0
0,0,0,0,0,0.0
0,0,0,0,0,0.0
0,0,0,0,0,0.0
0.001071,0.014798,0.007062,0.000581,0.012521,0.0
0.001223,0.016355,0.007062,0.00089,0.020868,0.0
0.015852,0.028816,0.011299,0.001379,0.03172,0.0
0,0,0,0,0,0.0
0,0,0,0,0,0.0
0,0,0,0,0,0.0
0.010195,0.017134,0,0.000833,0.018364,0.0
0,0,0,0,0,0.0
0,0,0,0,0,0.0
0,0,0,0,0,0.0
0,0,0,0,0,0.0
0.013616,0.03271,0.045198,0.002731,0.060935,0.0
0.000231,0.004673,0.00565,0.000178,0.003339,0.0
0.000118,0.003115,0.004237,0.000155,0.002504,0.0
0.000217,0.005452,0.002825,0.000173,0.003339,0.0
0.025596,0.03972,0,0.001759,0.043406,0.0
0.0995,0.096573,0,0.003252,0.088481,0.0
0.00144,0.01947,0.009887,0.001191,0.025042,0.0
0.008575,0.018692,0.007062,0.001041,0.027546,0.0
0.022919,0.035826,0.007062,0.001575,0.040067,0.0
0.011635,0.034268,0.028249,0.001874,0.03172,0.0
0.001653,0.017134,0.004237,0.001011,0.015025,0.0
0.006523,0.021807,0.018362,0.00216,0.035893,0.0
0.000358,0.006231,0.001412,0.000311,0.005008,0.0
0.012062,0.025701,0.026836,0.001669,0.034224,0.0
0.01824,0.028037,0.014124,0.002356,0.033389,0.0
0.144996,0.169003,0.035311,0.006146,0.161937,0.0
0.007906,0.01947,0.014124,0.001526,0.020868,0.0
0,0,0,0,0,0.0
0,0,0,0,0,0.0
0,0,0,0,0,0.0
0,0,0,0,0,0.0
0,0,0,0,0,0.0
0,0,0,0,0,0.0
0.000369,0.007009,0.002825,0.000605,0.01419,0.0
0.000119,0.003115,0.002825,0.000117,0.001669,0.0
0.000277,0.007009,0.00565,0.000211,0.004174,0.0
0.000273,0.007009,0.009887,0.000262,0.005843,0.0
0.000667,0.01324,0.002825,0.000636,0.011686,0.0
0.000927,0.012461,0.001412,0.000669,0.011686,0.0
0.006272,0.03271,0.025424,0.002265,0.040902,0.0
0.00983,0.022586,0.008475,0.001488,0.025042,0.0
0.001516,0.018692,0.001412,0.00108,0.020033,0.0
0,0,0,0,0,0.0
0,0,0,0,0,0.0
0,0,0,0,0,0.0
0,0,0,0,0,0.0
0,0,0,0,0,0.0
0,0,0,0,0,0.0
0.001473,0.020249,0.012712,0.001451,0.035893,0.0
0.000183,0.004673,0.004237,0.000239,0.005008,0.0
0.000463,0.010903,0.015537,0.000945,0.026711,0.0
0.021458,0.042056,0.049435,0.002315,0.040902,0.0
0.000843,0.009346,0,0.000634,0.010851,0.0
0.006939,0.017913,0.011299,0.000813,0.018364,0.0
0.460177,0.344237,0.44774,0.011397,0.275459,0.0
0.016556,0.02648,0.002825,0.001189,0.028381,0.0
0.008409,0.028816,0.009887,0.001955,0.030885,0.0
0,0,0,0,0,0.0
0,0,0,0,0,0.0
0.003545,0.014019,0.001412,0.00092,0.01586,1.0
0,0,0,0,0,0.0
0,0,0,0,0,0.0
0,0,0,0,0,0.0
0.000119,0.003115,0.002825,0.000434,0.012521,0.0
0.000213,0.005452,0.002825,0.000229,0.005008,0.0
0.000877,0.011682,0.001412,0.000557,0.012521,0.0
0,0,0,0,0,0.0
0,0,0,0,0,0.0
0,0,0,0,0,0.0
0.000971,0.01324,0.001412,0.000783,0.015025,1.0
0,0,0,0,0,0.0
0,0,0,0,0,0.0
0,0,0,0,0,0.0
0,0,0,0,0,0.0
0.011283,0.024922,0.012712,0.001679,0.027546,0.0
0.00023,0.005452,0.007062,0.000256,0.005843,0.0
0.000343,0.008567,0.004237,0.000406,0.010017,0.0
0.000279,0.007009,0.008475,0.000295,0.006678,0.0
0.000824,0.010903,0.001412,0.00069,0.010851,0.0
0.001692,0.017134,0.008475,0.001034,0.016694,0.0
0.018212,0.046729,0.060734,0.003526,0.055927,0.0
0.002716,0.018692,0.012712,0.001132,0.016694,0.0
0.014406,0.02648,0.012712,0.000978,0.023372,0.0
0.001113,0.014019,0,0.000929,0.017529,0.0
0,0,0,0,0,0.0
0,0,0,0,0,0.0
0,0,0,0,0,0.0
0.004479,0.017913,0.009887,0.000763,0.018364,0.0
0.000329,0.008567,0.004237,0.000363,0.009182,0.0
0.000215,0.005452,0.00565,0.000201,0.004174,0.0
0.001765,0.021807,0.012712,0.001114,0.022538,0.0
0.007766,0.01947,0.001412,0.000933,0.020033,0.0
0.024003,0.042835,0.05226,0.0024,0.04424,0.0
0.018303,0.035047,0.048023,0.002805,0.040067,0.0
0.033793,0.044393,0.062147,0.00213,0.046745,0.0
0.035591,0.045171,0,0.002201,0.043406,0.0
0,0,0,0,0,0.0
0,0,0,0,0,0.0
0.000723,0.009346,0,0.00051,0.011686,1.0
0,0,0,0,0,0.0
0,0,0,0,0,0.0
0.001006,0.016355,0.008475,0.000751,0.019199,0.0
0,0,0,0,0,0.0
0,0,0,0,0,0.0
0,0,0,0,0,0.0
0.000581,0.007788,0.002825,0.000403,0.008347,0.0
0,0,0,0,0,0.0
0.000118,0.003115,0.004237,0.000183,0.003339,0.0
0.000118,0.003115,0.004237,0.000155,0.002504,0.0
0.021322,0.038941,0.050847,0.002449,0.045075,0.0
0.008945,0.020249,0.001412,0.000887,0.022538,0.0
0.003356,0.015576,0.011299,0.001052,0.015025,0.0
0.008196,0.023364,0.029661,0.001873,0.029215,0.0
0.009111,0.017913,0,0.000998,0.020868,0.0
0.003007,0.023364,0.021186,0.001285,0.022538,0.0
0.01458,0.025701,0.002825,0.001031,0.029215,0.0
0,0,0,0,0,0.0
0.007524,0.01324,0,0.000552,0.01419,1.0
0,0,0,0,0,0.0
0,0,0,0,0,0.0
0,0,0,0,0,0.0
0,0,0,0,0,0.0
0,0,0,0,0,0.0
0,0,0,0,0,0.0
0.001007,0.011682,0,0.000515,0.010851,0.0
0,0,0,0,0,0.0
0.01788,0.035047,0.048023,0.002947,0.045075,0.0
0.000273,0.007009,0.00565,0.000234,0.005008,0.0
0.000309,0.007788,0.008475,0.000335,0.008347,0.0
0.000245,0.006231,0.007062,0.000211,0.004174,0.0
0.00036,0.009346,0.018362,0.000714,0.013356,0.0
0.027975,0.038941,0.009887,0.001609,0.040902,0.0
0.015016,0.025701,0.015537,0.00171,0.032554,0.0
0.000762,0.009346,0,0.000584,0.010017,0.0
0.000433,0.009346,0.00565,0.00039,0.007513,0.0
0.023086,0.041277,0.015537,0.001762,0.045075,0.0
0.003616,0.021028,0.016949,0.001189,0.019199,0.0
0,0,0,0,0,0.0
0,0,0,0,0,0.0
0,0,0,0,0,0.0
0,0,0,0,0,0.0
0,0,0,0,0,0.0
0,0,0,0,0,0.0
0,0,0,0,0,0.0
0.051245,0.063863,0.004237,0.003513,0.065943,0.0
0.026922,0.03972,0,0.001766,0.04424,0.0
0.004223,0.027259,0.028249,0.001586,0.03005,0.0
0.015011,0.024922,0.00565,0.001316,0.026711,0.0
0.013596,0.017913,0.004237,0.001581,0.024207,0.0
0.006296,0.021807,0.019774,0.00216,0.035893,0.0
0.006864,0.027259,0.029661,0.002152,0.029215,0.0
0.003228,0.017913,0.019774,0.001404,0.020868,0.0
0.04048,0.059969,0.067797,0.002886,0.059265,0.0
0.000848,0.008567,0.002825,0.000623,0.010017,0.0
0,0,0,0,0,0.0
0,0,0,0,0,0.0
0,0,0,0,0,0.0
0,0,0,0,0,0.0
0,0,0,0,0,0.0
0,0,0,0,0,0.0
0,0,0,0,0,0.0
0,0,0,0,0,0.0
0.019887,0.040498,0.018362,0.002759,0.04424,0.0
0.000555,0.012461,0.019774,0.000411,0.011686,0.0
0.000242,0.006231,0.007062,0.000406,0.010017,0.0
0.005392,0.025701,0.029661,0.001816,0.027546,0.0
0.002871,0.020249,0.002825,0.00149,0.037563,0.0
0.008671,0.021807,0.00565,0.001003,0.018364,0.0
0.009208,0.022586,0.002825,0.001186,0.026711,0.0
0.000812,0.012461,0,0.000708,0.012521,0.0
0.061264,0.079439,0,0.002896,0.070117,0.0
0,0,0,0,0,0.0
0,0,0,0,0,0.0
0,0,0,0,0,0.0
0,0,0,0,0,0.0
0,0,0,0,0,0.0
0,0,0,0,0,0.0
0,0,0,0,0,0.0
0,0,0,0,0,0.0
0,0,0,0,0,0.0
0.018429,0.02648,0.016949,0.001543,0.027546,0.0
0,0,0,0,0,0.0
0.226239,0.216511,0,0.006216,0.175292,0.0
0.000616,0.014798,0.015537,0.000645,0.018364,0.0
0.000149,0.003894,0.004237,0.000155,0.002504,0.0
0.000443,0.010903,0.008475,0.000343,0.009182,0.0
0.01631,0.028037,0.00565,0.001219,0.024207,0.0
0.012923,0.01947,0.016949,0.001209,0.019199,0.0
0.042398,0.037383,0.008475,0.001799,0.04591,0.0
0.03819,0.046729,0.060734,0.002452,0.04591,0.0
0,0,0,0,0,0.0
0.001165,0.01324,0,0.000783,0.01586,1.0
0,0,0,0,0,0.0
0.00006,0.001558,0,0.000183,0.006678,0.0
0.000149,0.003894,0.004237,0.000155,0.002504,0.0
0.000233,0.004673,0.00565,0.000206,0.004174,0.0
0.000988,0.010125,0.001412,0.000645,0.011686,0.0
0.004377,0.017913,0.001412,0.001345,0.020868,0.0
0.000329,0.007009,0,0.000402,0.008347,1.0
0,0,0,0,0,0.0
0.015728,0.030374,0.004237,0.001797,0.034224,0.0
0.000181,0.004673,0.004237,0.000183,0.003339,0.0
0.003289,0.014798,0.019774,0.001183,0.022538,0.0
0.006272,0.03271,0.025424,0.002265,0.040902,0.0
0,0,0,0,0,0.0
0,0,0,0,0,0.0
0.000215,0.005452,0.00565,0.00033,0.008347,0.0
0.025844,0.044393,0,0.002173,0.04591,0.0
0.011361,0.023364,0.026836,0.001746,0.026711,0.0
0.000987,0.014798,0.007062,0.001043,0.020033,0.0
0,0,0,0,0,0.0
0,0,0,0,0,0.0
0.000247,0.006231,0.007062,0.000211,0.004174,0.0
0.000481,0.011682,0.009887,0.00051,0.01419,0.0
0.000215,0.005452,0.004237,0.000239,0.005008,0.0
0.020101,0.028037,0.009887,0.001101,0.028381,0.0
0.013338,0.023364,0,0.00116,0.025876,0.0
0.011956,0.031153,0.001412,0.001741,0.035893,0.0
0.006678,0.024143,0.028249,0.00171,0.025876,0.0
0,0,0,0,0,0.0
0.001024,0.01324,0.001412,0.000777,0.01419,0.0
0,0,0,0,0,0.0
0.000559,0.014019,0.012712,0.000675,0.01419,0.0
0.00006,0.001558,0,0.000223,0.006678,0.0
0.000439,0.010903,0.008475,0.000434,0.010851,0.0
0.000279,0.007009,0.008475,0.000295,0.006678,0.0
0.000273,0.007009,0.008475,0.000284,0.006678,0.0
0.015966,0.036604,0.049435,0.002775,0.039232,0.0
0.015288,0.031931,0.004237,0.00146,0.035058,0.0
0.008937,0.018692,0.008475,0.001306,0.020033,0.0
0.047219,0.050623,0,0.002126,0.055092,0.0
0,0,0,0,0,0.0
0,0,0,0,0,0.0
0.003114,0.024143,0.007062,0.00102,0.022538,0.0
0,0,0,0,0,0.0
0,0,0,0,0,0.0
0,0,0,0,0,0.0
0,0,0,0,0,0.0
0,0,0,0,0,0.0
0.000245,0.006231,0.004237,0.000239,0.005008,0.0
0.00112,0.014798,0.001412,0.000945,0.01586,0.0
0.000268,0.005452,0,0.000616,0.01419,0.0
0,0,0,0,0,0.0
0,0,0,0,0,0.0
0.020499,0.033489,0,0.001572,0.037563,0.0
0,0,0,0,0,0.0
0.011757,0.044393,0.060734,0.003403,0.050083,0.0
0.002411,0.011682,0.025424,0.001336,0.018364,0.0
0.000213,0.005452,0.00565,0.000211,0.004174,0.0
0.006126,0.015576,0.001412,0.000871,0.016694,0.0
0.003571,0.017913,0.014124,0.001867,0.034224,0.0
0,0,0,0,0,0.0
0,0,0,0,0,0.0
0,0,0,0,0,0.0
0.00006,0.001558,0,0,0,1.0
0.00006,0.001558,0,0,0,1.0
0.031606,0.05919,0.011299,0.003273,0.065943,0.0
0.003621,0.011682,0.008475,0.001011,0.012521,0.0
0.000089,0.002336,0.002825,0.000117,0.001669,0.0
0.01462,0.049844,0.018362,0.002916,0.050918,0.0
0.005168,0.021028,0.001412,0.001075,0.018364,0.0
0.002656,0.017913,0.002825,0.001273,0.025876,0.0
0.003428,0.015576,0,0.00093,0.01586,0.0
0.014378,0.017134,0,0.001092,0.017529,0.0
0.021611,0.036604,0.004237,0.00172,0.042571,0.0
0.00006,0.001558,0,0,0,1.0
0.00009,0.002336,0,0,0,1.0
0.00006,0.001558,0,0,0,1.0
0.00006,0.001558,0,0,0,1.0
0.000279,0.007009,0.004237,0.000295,0.006678,0.0
0.000183,0.004673,0.00565,0.000211,0.004174,0.0
0.000213,0.005452,0.004237,0.000211,0.004174,0.0
0.002979,0.01947,0.008475,0.001358,0.023372,0.0
0.000234,0.004673,0,0.000267,0.004174,0.0
0.013763,0.035047,0.036723,0.001598,0.030885,0.0
0.028217,0.038162,0.002825,0.001652,0.040902,0.0
0,0,0,0,0,0.0
0.002917,0.014019,0.012712,0.001135,0.016694,0.0
0.000202,0.003894,0.001412,0.000038,0.000835,1.0
0,0,0,0,0,0.0
0.00091,0.012461,0.00565,0.000741,0.01419,0.0
0.00015,0.003894,0.004237,0.000267,0.005843,0.0
0.00723,0.01947,0.011299,0.000823,0.021703,0.0
0.005707,0.024922,0.014124,0.001828,0.026711,0.0
0.021751,0.02648,0,0.001219,0.027546,0.0
0.000812,0.012461,0,0.000708,0.012521,0.0
0.001745,0.015576,0.004237,0.00127,0.023372,0.0
0,0,0,0,0,0.0
0.016119,0.021028,0,0.001095,0.024207,1.0
0,0,0,0,0,0.0
0,0,0,0,0,0.0
0,0,0,0,0,0.0
0.032968,0.054517,0.024011,0.005828,0.060935,0.0
0.000434,0.010125,0.015537,0.000353,0.009182,0.0
0.01656,0.031153,0,0.001743,0.035893,1.0
0,0,0,0,0,0.0
0.000273,0.007009,0.009887,0.000262,0.005843,0.0
0.000307,0.007009,0.009887,0.000246,0.005843,0.0
0,0,0,0,0,0.0
0,0,0,0,0,0.0
0.000334,0.008567,0.011299,0.000972,0.025042,0.0
0.000401,0.010125,0.012712,0.00034,0.008347,0.0
0.001256,0.014019,0,0.001261,0.021703,0.0
0.025013,0.041277,0.00565,0.002801,0.059265,0.0
0.001604,0.011682,0,0.001054,0.011686,0.0
0,0,0,0,0,0.0
0,0,0,0,0,0.0
0.012815,0.02648,0.031073,0.002107,0.026711,0.0
0.000321,0.007788,0.007062,0.000279,0.006678,0.0
0.00427,0.014019,0,0.00081,0.016694,0.0
0.001025,0.015576,0.008475,0.000754,0.017529,0.0
0.004642,0.016355,0.012712,0.001508,0.019199,0.0
0,0,0,0,0,0.0
0,0,0,0,0,0.0
0.000439,0.010903,0.00565,0.000396,0.010017,0.0
0.000236,0.006231,0.011299,0.000427,0.006678,0.0
0.000181,0.004673,0.004237,0.000183,0.003339,0.0
0.023665,0.038941,0,0.001493,0.028381,0.0
0.008416,0.020249,0.002825,0.001031,0.020033,0.0
0.000837,0.012461,0.004237,0.000707,0.012521,0.0
0.069472,0.08567,0.045198,0.003314,0.075125,0.0
0,0,0,0,0,0.0
0.00006,0.001558,0,0,0,1.0
0.000213,0.005452,0.018362,0.000769,0.020868,0.0
0.000118,0.003115,0.004237,0.000183,0.003339,0.0
0.000149,0.003894,0.004237,0.000312,0.007513,0.0
0.000119,0.003115,0.002825,0.000218,0.005008,0.0
0.00021,0.005452,0.008475,0.000333,0.005843,0.0
0.000118,0.003115,0.004237,0.000239,0.005008,0.0
0.021883,0.041277,0.008475,0.001918,0.049249,0.0
0.053666,0.069315,0.081921,0.003066,0.065943,0.0
0.013995,0.023364,0,0.00105,0.024207,0.0
0,0,0,0,0,0.0
0.000276,0.007009,0.00565,0.000267,0.005843,0.0
0.000118,0.003115,0.004237,0.000256,0.005843,0.0
0.006978,0.018692,0.004237,0.001115,0.019199,0.0
0.03146,0.037383,0.001412,0.001589,0.035058,0.0
0.00006,0.001558,0,0.00034,0.006678,0.0
0,0,0,0,0,0.0
0.020446,0.031931,0,0.001522,0.035893,0.0
0.00094,0.011682,0.004237,0.000817,0.01419,0.0
0,0,0,0,0,0.0
0,0,0,0,0,0.0
0,0,0,0,0,0.0
0.00082,0.014019,0.001412,0.00087,0.018364,0.0
0.023993,0.040498,0.014124,0.002235,0.04591,0.0
0.004579,0.012461,0,0.000761,0.01419,0.0
0,0,0,0,0,0.0
0,0,0,0,0,0.0
0.000172,0.003115,0.001412,0.000038,0.000835,1.0
0.011712,0.035047,0.039548,0.002512,0.040902,0.0
0.001165,0.01324,0,0.000783,0.01586,1.0
0.000172,0.003115,0.001412,0.000038,0.000835,1.0
0.00009,0.002336,0,0,0,1.0
0.003974,0.017913,0.011299,0.001471,0.021703,0.0
0.000172,0.003115,0.001412,0.000038,0.000835,1.0
0.000202,0.003894,0.001412,0.000038,0.000835,1.0
0,0,0,0,0,0.0
0,0,0,0,0,0.0
0.007998,0.017134,0.002825,0.000621,0.011686,0.0
0.000306,0.007009,0.009887,0.000269,0.006678,0.0
0.000149,0.003894,0.004237,0.000206,0.004174,0.0
0,0,0,0,0,0.0
0,0,0,0,0,0.0
0,0,0,0,0,0.0
0.000186,0.004673,0,0.000084,0.002504,1.0
0.000186,0.004673,0,0.000084,0.002504,1.0
0.029163,0.036604,0,0.001508,0.039232,0.0
0.005915,0.020249,0.004237,0.000965,0.019199,0.0
0.007356,0.028816,0.045198,0.002328,0.038397,0.0
0,0,0,0,0,0.0
0.0005,0.012461,0.009887,0.000498,0.013356,0.0
0.000149,0.003894,0.004237,0.000239,0.005008,0.0
0.017876,0.035826,0.024011,0.002459,0.043406,0.0
0.006851,0.023364,0.014124,0.001402,0.023372,0.0
0.000732,0.010903,0.004237,0.000996,0.020868,0.0
0.00006,0.001558,0,0,0,1.0
0.00009,0.002336,0,0,0,1.0
0,0,0,0,0,0.0
0.00015,0.003894,0.004237,0.000183,0.003339,0.0
0.0087,0.022586,0.007062,0.001026,0.019199,0.0
0.006521,0.018692,0.002825,0.000988,0.020033,0.0
0.000124,0.003115,0.001412,0.000056,0.001669,1.0
0.00009,0.002336,0,0,0,1.0
0.00009,0.002336,0,0,0,1.0
0.00009,0.002336,0,0,0,1.0
0.00009,0.002336,0,0,0,1.0
0.00009,0.002336,0,0,0,1.0
0.00006,0.001558,0,0,0,1.0
0.00006,0.001558,0,0,0,1.0
0.00006,0.001558,0,0,0,1.0
0.00006,0.001558,0,0,0,1.0
0.000092,0.002336,0,0.000028,0.000835,1.0
0.00006,0.001558,0,0,0,1.0
0.00006,0.001558,0,0,0,1.0
0.00009,0.002336,0,0,0,1.0
0.00009,0.002336,0,0,0,1.0
0.00009,0.002336,0,0,0,1.0
0.00006,0.001558,0,0,0,1.0
0.00006,0.001558,0,0,0,1.0
0.000092,0.002336,0,0.000028,0.000835,1.0
0.000092,0.002336,0,0.000028,0.000835,1.0
0.000092,0.002336,0,0.000028,0.000835,1.0
0.000092,0.002336,0,0.000028,0.000835,1.0
0.00009,0.002336,0,0,0,1.0
0.00009,0.002336,0,0,0,1.0
0.00158,0.021807,0.012712,0.001451,0.035893,0.0
0.000387,0.010125,0.004237,0.000279,0.006678,0.0
0.026896,0.021028,0,0.001533,0.024207,0.0
0,0,0,0,0,0.0
0.039997,0.057632,0.056497,0.00212,0.040902,0.0
0.005099,0.024922,0.012712,0.001595,0.03172,0.0
0.000089,0.002336,0.002825,0.000201,0.004174,0.0
0.04529,0.056075,0.00565,0.003375,0.056761,0.0
0.060558,0.05919,0.072034,0.002794,0.057596,0.0
0.064026,0.065421,0,0.001854,0.042571,0.0
0.000202,0.003894,0.002825,0.000117,0.003339,0.0
0,0,0,0,0,0.0
0,0,0,0,0,0.0
0,0,0,0,0,0.0
0.023086,0.041277,0.015537,0.001762,0.045075,0.0
0,0,0,0,0,0.0
0,0,0,0,0,0.0
0,0,0,0,0,0.0
0,0,0,0,0,0.0
0,0,0,0,0,0.0
0,0,0,0,0,0.0
0,0,0,0,0,0.0
0.00015,0.003894,0.004237,0.000183,0.003339,0.0
0.000118,0.003115,0.004237,0.000155,0.002504,0.0
0.000799,0.01324,0.004237,0.000667,0.015025,0.0
0,0,0,0,0,0.0
0.011308,0.020249,0,0.001314,0.021703,1.0
0.013044,0.034268,0.004237,0.001502,0.035893,0.0
0.000331,0.008567,0.014124,0.000513,0.015025,0.0
0,0,0,0,0,0.0
0,0,0,0,0,0.0
0,0,0,0,0,0.0
0.000247,0.006231,0.007062,0.000267,0.005843,0.0
0.007115,0.017134,0.018362,0.00163,0.020033,0.0
0.033258,0.047508,0.004237,0.002333,0.050083,0.0
0,0,0,0,0,0.0
0.000118,0.003115,0.004237,0.000239,0.005008,0.0
0,0,0,0,0,0.0
0.000644,0.009346,0,0.00075,0.010851,0.0
0.021579,0.02648,0.028249,0.002108,0.03005,0.0
0,0,0,0,0,0.0
0,0,0,0,0,0.0
0,0,0,0,0,0.0
0.000741,0.010125,0.00565,0.000499,0.010017,0.0
0.000778,0.009346,0.001412,0.00078,0.01419,0.0
0.000573,0.01324,0.001412,0.000376,0.006678,0.0
0,0,0,0,0,0.0
0,0,0,0,0,0.0
0.000289,0.007009,0.008475,0.000256,0.005843,0.0
0,0,0,0,0,0.0
0.000119,0.003115,0.002825,0.000168,0.003339,0.0
0.000341,0.008567,0.00565,0.000449,0.012521,0.0
0.030549,0.055296,0.066384,0.003341,0.059265,0.0
0,0,0,0,0,0.0
0.00106,0.014019,0.004237,0.001051,0.01586,0.0
0.013655,0.031931,0.014124,0.00202,0.04424,0.0
0,0,0,0,0,0.0
0.020933,0.029595,0,0.001107,0.023372,0.0
0.00106,0.020249,0.024011,0.000957,0.022538,0.0
0.001382,0.01947,0.008475,0.001167,0.022538,0.0
0.010495,0.017134,0,0.001962,0.020033,0.0
0.00072,0.008567,0.002825,0.000549,0.011686,0.0
0.015002,0.025701,0.004237,0.001229,0.028381,0.0
0.047236,0.060748,0,0.002444,0.064274,0.0
0.00079,0.014019,0.002825,0.000851,0.01586,0.0
0.00006,0.001558,0,0,0,1.0
0.00006,0.001558,0,0,0,1.0
0.000617,0.015576,0.025424,0.0009,0.019199,0.0
0.006015,0.012461,0.002825,0.00152,0.019199,0.0
0.00009,0.002336,0,0,0,1.0
0.00006,0.001558,0,0,0,1.0
0,0,0,0,0,0.0
0.118911,0.122274,0.125706,0.003321,0.082638,0.0
0.000935,0.010125,0,0.000699,0.012521,0.0
0.000221,0.004673,0,0.000772,0.018364,0.0
0.00009,0.002336,0,0,0,1.0
0.00006,0.001558,0,0,0,1.0
0.039428,0.043614,0.05226,0.002183,0.041736,0.0
0.00006,0.001558,0,0,0,1.0
0.00006,0.001558,0,0,0,1.0
0.00006,0.001558,0,0,0,1.0
0.00009,0.002336,0,0,0,1.0
0.000726,0.009346,0,0.000606,0.010851,0.0
0.000119,0.003115,0.002825,0.000151,0.001669,0.0
0.001479,0.011682,0,0.000783,0.013356,0.0
0.00021,0.005452,0.004237,0.000183,0.003339,0.0
0.00006,0.001558,0,0,0,1.0
0.000118,0.003115,0.004237,0.000297,0.007513,0.0
0.000247,0.006231,0.007062,0.000432,0.013356,1.0
0.00009,0.002336,0,0,0,1.0
0.000172,0.003115,0.001412,0.000038,0.000835,1.0
0.00006,0.001558,0,0,0,1.0
0.00009,0.002336,0,0,0,1.0
0.00006,0.001558,0,0,0,1.0
0.00009,0.002336,0,0,0,1.0
0,0,0,0,0,0.0
0,0,0,0,0,0.0
0.021611,0.036604,0.004237,0.00172,0.042571,0.0
0.00009,0.002336,0,0,0,1.0
0.00009,0.002336,0,0,0,1.0
0.010431,0.027259,0.009887,0.001919,0.032554,0.0
0.006988,0.014798,0.002825,0.000757,0.013356,0.0
0.066574,0.05296,0.002825,0.002429,0.06177,0.0
0.00006,0.001558,0,0,0,1.0
0.00006,0.001558,0,0,0,1.0
0.000215,0.005452,0.007062,0.000239,0.005008,0.0
0.001694,0.01324,0,0.001331,0.020868,0.0
0.00006,0.001558,0,0,0,1.0
0.00009,0.002336,0,0,0,1.0
0.00006,0.001558,0,0,0,1.0
0.001222,0.014798,0.004237,0.000851,0.015025,0.0
0.00009,0.002336,0,0,0,1.0
0.00006,0.001558,0,0,0,1.0
0.001544,0.025701,0.028249,0.001904,0.027546,0.0
0,0,0,0,0,0.0
0.00009,0.002336,0,0,0,1.0
0.00009,0.002336,0,0,0,1.0
0.003571,0.017913,0.014124,0.001867,0.034224,0.0
0.000202,0.003894,0.001412,0.000038,0.000835,1.0
0.00218,0.017134,0.004237,0.001227,0.020868,0.0
0.000365,0.008567,0.009887,0.000246,0.005843,0.0
0.000274,0.007009,0.004237,0.000234,0.005008,0.0
0.00006,0.001558,0,0,0,1.0
0.000202,0.003894,0.001412,0.000038,0.000835,1.0
0.00009,0.002336,0,0,0,1.0
0.003962,0.020249,0.002825,0.00116,0.025042,0.0
0.00009,0.002336,0,0,0,1.0
0.00009,0.002336,0,0,0,1.0
0.00006,0.001558,0,0,0,1.0
0.064165,0.069315,0.002825,0.002939,0.072621,0.0
0,0,0,0,0,0.0
0.001475,0.021807,0.008475,0.001175,0.020868,0.0
