CONTENT_LENGTH,WHOIS_COUNTRY,WHOIS_STATEPRO,WHOIS_REGDATE,WHOIS_UPDATED_DATE,Type
0.000405,0.97619,0.154472,0.066367,0.334797,1.0
0.023237,0.97619,0.154472,0.382452,0.497297,0.0
0.000499,0.97619,0.154472,0.449719,0.433446,0.0
0.00025,0.97619,0.01626,0.906637,0.114865,0.0
0.191201,0.97619,0.845528,0.104612,0.070946,0.0
0.011481,0.785714,0.455285,0.724409,0.746622,0.0
0.000531,0.97619,0.178862,0.68279,0.016892,0.0
0.000499,0.97619,0.227642,0.290214,0.341216,0.0
0.000992,0.97619,0.154472,0.950506,0.578378,1.0
0.000992,0.97619,0.154472,0.950506,0.578378,1.0
0.0116,0.97619,0.341463,0.170979,0.986486,0.0
0.000499,0.97619,0.178862,0.474691,0.532095,0.0
0.021125,0.357143,0.414634,0.085489,0.900338,0.0
0.005686,0.97619,0.154472,0.178853,0.342905,0.0
0.020106,0.97619,0.154472,0.456243,0.616554,0.0
0.001474,0.952381,0.878049,0.237345,0.820946,1.0
0.001057,0.761905,0.650407,0.546682,0.52027,1.0
0.000499,0.97619,0.154472,0.986502,0.032095,0.0
0.023142,0.97619,0.154472,0.413273,0.458108,0.0
0.000499,0.97619,0.178862,0.206974,0.567568,1.0
0.016744,0.97619,0.154472,0.716535,0.923986,0.0
0.00049,0.97619,0.837398,0.375703,0.706081,0.0
0.000345,0.97619,0.154472,0.109111,0.143581,0.0
0.006809,0.047619,0.910569,0.421822,0.209459,0.0
0.012119,0.97619,0.227642,0.022497,0.481419,0.0
0.000679,0.97619,0.682927,0.121485,0.376689,0.0
0.002257,0.97619,0.845528,0.300337,0.353041,0.0
0.010275,0.166667,0.02439,0.787402,0.733108,0.0
0.010665,0.97619,0.227642,0.63892,0.16723,0.0
0.000668,0.690476,0.707317,0.953881,0.194257,0.0
0.000499,0.809524,0.317073,0.230596,0.304054,0.0
0.020024,0.97619,0.154472,0.391676,0.20473,0.0
0.005016,0.97619,0.154472,0.145107,0.635135,0.0
0.010393,0.97619,0.065041,0.781777,0.976351,0.0
0.142784,0.97619,0.154472,0.414398,0.435473,0.0
0.001872,0.97619,0.845528,0.745782,0.822635,0.0
0.007539,0.357143,0.414634,0.978628,0.650338,0.0
0.046233,0.97619,0.96748,0.484814,0.577703,0.0
0.022714,0.97619,0.682927,0.790776,0.956081,0.0
0.004359,0.452381,0.04065,0.124859,0.165541,0.0
0.00037,0.97619,0.154472,0.268841,0.304054,0.0
0.006138,0.166667,0.02439,0.742407,0.793919,0.0
0.000499,0.97619,0.154472,0.4027,0.773649,0.0
0.009508,0.97619,0.154472,0.370304,0.557432,1.0
0.000491,0.452381,0.829268,0.599325,0.434797,1.0
0.003495,0.595238,0.430894,0.88189,0.195946,0.0
0.000052,0.97619,0.918699,0.825647,0.640203,0.0
0.049358,0.97619,0.617886,0.480315,0.733108,0.0
0.002738,0.97619,0.154472,0.033746,0.086149,0.0
0.017554,0.97619,0.154472,0.610799,0.702703,0.0
0.000499,0.166667,0.756098,0.893138,0.944257,0.0
0.000345,0.97619,0.495935,0.570304,0.881757,0.0
0.00036,0.166667,0.674797,0.71991,0.396959,0.0
0.00049,0.97619,0.154472,0.489539,0.518243,0.0
0.013733,0.97619,0.154472,0.412823,0.337838,0.0
0.000531,0.97619,0.593496,0.805399,0.859797,0.0
0.001164,0.690476,0.707317,0.359955,0.883446,0.0
0.01537,0.166667,0.146341,0.042745,0.805743,0.0
0.033592,0.97619,0.617886,0.480315,0.733108,0.0
0.022855,0.97619,0.617886,0.213723,0.152027,0.0
0.000499,0.97619,0.495935,0.542182,0.592905,0.0
0.000537,0.97619,0.154472,0.598425,0.224662,0.0
0.011615,0.97619,0.154472,0.169854,0.989865,0.0
0.001013,0.97619,0.154472,0.336783,0.408784,0.0
0.013733,0.857143,0.089431,0.740157,0.101351,0.0
0.002726,0.97619,0.154472,0.449944,0.47973,0.0
0.0003,0.357143,0.943089,0.239595,0.505068,0.0
0.000499,0.97619,0.178862,0.632171,0.005068,0.0
0.004745,0.97619,0.154472,0.758155,0.648649,0.0
0.000992,0.97619,0.154472,0.102362,0.393243,1.0
0.000992,0.97619,0.154472,0.966254,0.578378,1.0
0.006417,0.97619,0.845528,0.744657,0.761824,1.0
0.001482,0.357143,0.934959,0.554556,0.309122,1.0
0.001482,0.357143,0.934959,0.971879,0.037162,1.0
0.001482,0.357143,0.934959,0.971879,0.037162,1.0
0.00414,0.97619,0.365854,0.071991,0.760135,0.0
0.026584,0.97619,0.487805,0.077615,0.733108,0.0
0.013163,0.166667,0.674797,0.123735,0.513514,0.0
0.000307,0.690476,0.707317,0.343082,0.474662,0.0
0.005465,0.97619,0.154472,0.875141,0.902027,0.0
0.064307,0.97619,0.617886,0.480315,0.733108,0.0
0,0.97619,0.154472,0.408324,0.95777,0.0
0.008357,0.97619,0.617886,0.609674,0.626689,0.0
0.019627,0.97619,0.154472,0.084364,0.121622,0.0
0.004344,0.166667,0.146341,0.807649,0.037162,0.0
0.000531,0.97619,0.227642,0.771654,0.378378,0.0
0.053381,0.97619,0.617886,0.480315,0.733108,0.0
0.053991,0.97619,0.617886,0.480315,0.733108,0.0
0.006685,0.97619,0.926829,0.502812,0.146959,0.0
0.002849,0.97619,0.178862,0.493813,0.516892,0.0
0.000499,0.97619,0.845528,0.965129,0.126689,0.0
0.02399,0.97619,0.723577,0.128234,0.131757,0.0
0.015528,0.97619,0.422764,0.979753,0.461149,0.0
0.014372,0.97619,0.065041,0.679415,0.942568,0.0
0.013486,0.357143,0.934959,0.230596,0.238176,1.0
0.000297,0.97619,0.723577,0.313836,0.733108,1.0
0.055534,0.97619,0.926829,0.093363,0.131757,0.0
0.000499,0.97619,0.178862,0.448819,0.515203,0.0
0.051188,0.97619,0.845528,0.728909,0.810811,0.0
0.018138,0.047619,0.764228,0.329584,0.429054,0.0
0.012271,0.97619,0.154472,0.64342,0.547297,0.0
0.017722,0.97619,0.227642,0.795276,0.907095,0.0
0.003433,0.761905,0.552846,0.534308,0.5,1.0
0.000499,0.97619,0.227642,0.430821,0.189189,1.0
0.060124,0.952381,0.878049,0.407199,0.439189,0.0
0.008367,0.97619,0.154472,0.673791,0.722973,0.0
0.11324,0.333333,0.715447,0.056243,0.97973,0.0
0.000928,0.642857,0.406504,0.75928,0.885135,0.0
0.029513,0.97619,0.577236,0.752531,0.3125,0.0
0.008001,0.642857,0.406504,0.75928,0.885135,0.0
0.000499,0.97619,0.723577,0.087739,0.633446,0.0
0.013212,0.166667,0.674797,0.366704,0.775338,0.0
0.016289,0.452381,0.894309,0.647919,0.376689,0.0
0.000499,0.97619,0.154472,0.241845,0.594595,0.0
0.019786,0.97619,0.634146,0.976378,0.084459,0.0
0.010267,0.97619,0.154472,0.775028,0.70777,0.0
0.000685,0.97619,0.227642,0.15748,0.378378,0.0
0.017582,0.97619,0.065041,0.51631,0.293919,0.0
0.000499,0.97619,0.154472,0.377278,0.3875,0.0
0.046683,0.97619,0.617886,0.866142,0.929054,0.0
0.009035,0.97619,0.154472,0.43982,0.22973,0.0
0.028398,0.97619,0.154472,0.1991,0.10473,0.0
0.011265,0.97619,0.487805,0.429696,0.983108,1.0
0.000499,0.928571,0.373984,0.971879,0.298986,1.0
0.008902,0.97619,0.154472,0.449944,0.47973,0.0
0,0.97619,0.154472,0.408324,0.95777,0.0
0.014071,0.97619,0.154472,0.383577,0.501689,0.0
0.00773,0.97619,0.300813,0.64117,0.54223,0.0
0.033592,0.97619,0.617886,0.480315,0.733108,0.0
0.000323,0.97619,0.536585,0.659168,0.668919,0.0
0.013329,0.5,0.691057,0.794151,0.807432,0.0
0.000367,0.166667,0.756098,0.884139,0.972973,0.0
0.041364,0.97619,0.154472,0.79865,0.847973,0.0
0.000499,0.97619,0.512195,0.591676,0.609797,0.0
0.050389,0.166667,0.02439,0.456693,0.521959,0.0
0.015726,0.97619,0.154472,0.760405,0.913851,0.0
0.021076,0.97619,0.487805,0.829021,0.173986,0.0
0.000499,0.166667,0.674797,0.932508,0.978041,0.0
0.001186,0.97619,0.821138,0.376828,0.430743,0.0
0.010493,0.97619,0.845528,0.489314,0.141892,0.0
0.000499,0.97619,0.154472,0.359955,0.859797,0.0
0.000052,0.97619,0.154472,0.379078,0.403716,0.0
0.002642,0.97619,0.154472,0.449944,0.47973,0.0
0.031426,0.97619,0.154472,0.775028,0.70777,0.0
0.012005,0.214286,0.98374,0.191226,0.41723,0.0
0.011026,0.97619,0.065041,0.743532,0.045608,0.0
0.082756,0.97619,0.593496,0.035996,0.589527,0.0
0.000598,0.97619,0.617886,0.262092,0.182432,0.0
0.000307,0.97619,0.154472,0.004499,0.910473,0.0
0.000499,0.047619,0.764228,0.021372,0.809122,0.0
0.030774,0.166667,0.674797,0.438695,0.476351,0.0
0.033133,0.97619,0.154472,0.43982,0.22973,0.0
0.000273,0.97619,0.154472,0.555906,0.864189,1.0
0.011309,0.809524,0.317073,0.857143,0.682432,0.0
0.000307,0.97619,0.495935,0.922385,0.202703,0.0
0.074249,0.97619,0.617886,0.480315,0.733108,0.0
0.007161,0.97619,0.154472,0.673791,0.722973,0.0
0.004472,0.97619,0.154472,0.449944,0.47973,0.0
0.001684,0.97619,0.154472,0.193476,0.336149,0.0
0.00053,0.97619,0.96748,0.530934,0.361486,0.0
0.022646,0.97619,0.845528,0.807649,0.829392,0.0
0.013478,0.97619,0.227642,0.741282,0.83277,0.0
0.000499,0.97619,0.585366,0.76378,0.9375,0.0
0.004472,0.97619,0.154472,0.449944,0.47973,0.0
0.01109,0.97619,0.154472,0.43982,0.22973,0.0
0.007161,0.97619,0.154472,0.673791,0.722973,0.0
0.000539,0.97619,0.065041,0.136108,0.596284,0.0
0.001244,0.97619,0.243902,0.68054,0.447635,0.0
0.000537,0.97619,0.154472,0.538808,0.231419,0.0
0.033133,0.97619,0.154472,0.43982,0.22973,0.0
0.007138,0.97619,0.154472,0.449944,0.47973,0.0
0.000499,0.97619,0.154472,0.971879,0.408784,1.0
0.00093,0.97619,0.154472,0.286839,0.608108,0.0
0.000442,0.97619,0.154472,0.561305,0.614865,0.0
0.007138,0.97619,0.154472,0.449944,0.47973,0.0
0.101369,0.97619,0.536585,0.392576,0.564189,0.0
0.007161,0.97619,0.154472,0.673791,0.722973,0.0
0.015913,0.97619,0.154472,0.16198,0.483108,0.0
0.006276,0.166667,0.674797,0.031496,0.780405,0.0
0.000442,0.452381,0.276423,0.089989,0.739865,0.0
0.050648,0.97619,0.617886,0.480315,0.733108,0.0
0.007904,0.97619,0.227642,0.809899,0.560811,0.0
0.000499,0.97619,0.536585,0.991001,0.052365,0.0
0.000499,0.97619,0.154472,0.626547,0.668243,0.0
0.004472,0.97619,0.154472,0.449944,0.47973,0.0
0.000499,0.97619,0.227642,0.902137,0.177365,0.0
0.013174,0.97619,0.487805,0.766029,0.875,0.0
0.007161,0.97619,0.154472,0.673791,0.722973,0.0
0.033891,0.97619,0.154472,0.799775,0.733108,0.0
0.008902,0.97619,0.154472,0.449944,0.47973,0.0
0.000531,0.97619,0.845528,0.545557,0.552365,0.0
0.00099,0.97619,0.154472,0.59955,0.466216,1.0
0.000981,0.97619,0.154472,0.6009,0.466216,1.0
0.046683,0.97619,0.926829,0.821147,0.856419,0.0
0.000052,0.97619,0.536585,0.982002,0.180743,0.0
0.046683,0.97619,0.926829,0.821147,0.856419,0.0
0.648061,0.97619,0.154472,0.050619,0.325676,0.0
0.002155,0.97619,0.154472,0.685039,0.923986,0.0
0.012012,0.166667,0.02439,0.627672,0.680743,0.0
0.028288,0.97619,0.617886,0.780652,0.028716,0.0
0.009035,0.97619,0.154472,0.705287,0.096284,0.0
0.00657,0.97619,0.154472,0.673791,0.722973,0.0
0.014784,0.97619,0.154472,0.353206,0.508446,0.0
0.032081,0.97619,0.154472,0.43982,0.22973,0.0
0.000505,0.952381,0.260163,0.871766,0.099662,0.0
0.15229,0.97619,0.300813,0.075366,0.048986,0.0
0.000499,0.97619,0.154472,0.865017,0.555743,0.0
0.000307,0.97619,0.341463,0.503937,0.733108,0.0
0.000514,0.833333,0.813008,0.31946,0.503378,0.0
0.000442,0.97619,0.536585,0.750281,0.505068,0.0
0.031131,0.97619,0.154472,0.799775,0.733108,0.0
0.058277,0.97619,0.926829,0.821147,0.856419,0.0
0.058277,0.97619,0.926829,0.821147,0.856419,0.0
0.006477,0.97619,0.154472,0.184477,0.155405,0.0
0.018216,0.97619,0.154472,0.775028,0.70777,0.0
0.001707,0.97619,0.154472,0.445444,0.486486,0.0
0.000499,0.97619,0.065041,0.586052,0.697635,0.0
0.000995,0.97619,0.154472,0.770304,0.466216,1.0
0.000981,0.97619,0.154472,0.59955,0.466216,1.0
0.000986,0.97619,0.154472,0.59955,0.466216,1.0
0.00099,0.97619,0.154472,0.768504,0.355743,1.0
0.001001,0.97619,0.154472,0.959505,0.403378,1.0
0.000992,0.97619,0.154472,0.935883,0.314189,1.0
0.025856,0.97619,0.617886,0.029246,0.646959,0.0
0.046683,0.97619,0.926829,0.821147,0.856419,0.0
0.046683,0.97619,0.926829,0.821147,0.856419,0.0
0.033133,0.97619,0.154472,0.43982,0.22973,0.0
0.00625,0.5,0.235772,0.943757,0.606419,0.0
0.030635,0.166667,0.146341,0.390326,0.574324,0.0
0.03457,0.97619,0.154472,0.412823,0.337838,0.0
0.028189,0.97619,0.154472,0.68054,0.597973,0.0
0.00049,0.5,0.691057,0.115861,0.255068,0.0
0.059572,0.97619,0.926829,0.821147,0.856419,0.0
0.004396,0.97619,0.154472,0.920135,0.800676,0.0
0.016948,0.97619,0.845528,0.555681,0.307432,0.0
0.011818,0.97619,0.154472,0.12036,0.119932,0.0
0.093525,0.97619,0.154472,0.775028,0.70777,0.0
0.140232,0.97619,0.065041,0.049494,0.641892,0.0
0.005908,0.97619,0.227642,0.896513,0.52027,0.0
0.051188,0.97619,0.926829,0.821147,0.856419,0.0
0.00006,0.97619,0.00813,0.332958,0.554054,0.0
0.002112,0.428571,0.333333,0.644544,0.702703,0.0
0.059556,0.97619,0.617886,0.098988,0.255068,0.0
0.007138,0.97619,0.154472,0.449944,0.47973,0.0
0.001009,0.97619,0.154472,0.59955,0.466216,1.0
0.001,0.97619,0.154472,0.59955,0.466216,1.0
0.0005,0.761905,0.390244,0.737908,0.673986,1.0
0.00033,0.97619,0.154472,0.606749,0.733108,1.0
0.028183,0.97619,0.463415,0.150731,0.160473,0.0
0.000499,0.357143,0.414634,0.571429,0.614865,0.0
0.002802,0.97619,0.154472,0.374578,0.373311,0.0
0.002802,0.97619,0.154472,0.374578,0.373311,0.0
0.03457,0.97619,0.154472,0.412823,0.337838,0.0
0.033133,0.97619,0.154472,0.43982,0.22973,0.0
0.002794,0.166667,0.02439,0.046119,0.037162,0.0
0.009758,0.97619,0.154472,0.705287,0.096284,0.0
0.009971,0.97619,0.918699,0.861642,0.427365,0.0
0.007819,0.166667,0.674797,0.275591,0.454392,0.0
0.013729,0.97619,0.154472,0.43982,0.22973,0.0
0.004486,0.452381,0.349593,0.813273,0.83277,0.0
0.002289,0.357143,0.414634,0.969629,0.72973,0.0
0.016776,0.97619,0.154472,0.770529,0.206081,0.0
0.007525,0.97619,0.926829,0.821147,0.856419,0.0
0.011174,0.97619,0.154472,0.683915,0.726351,0.0
0.010178,0.97619,0.154472,0.775028,0.70777,0.0
0.009205,0.97619,0.154472,0.43982,0.22973,0.0
0.000171,0.97619,0.154472,0.254218,0.290541,0.0
0.004472,0.97619,0.154472,0.449944,0.47973,0.0
0.001534,0.97619,0.154472,0.016873,0.989865,0.0
0.002312,0.97619,0.617886,0.475816,0.550676,0.0
0.013197,0.97619,0.845528,0.08099,0.822635,0.0
0.007138,0.97619,0.154472,0.449944,0.47973,0.0
0.000499,0.97619,0.065041,0.281215,0.089527,0.0
0.011265,0.97619,0.154472,0.429696,0.983108,1.0
0.011265,0.97619,0.154472,0.429696,0.983108,1.0
0.007164,0.166667,0.674797,0.166479,0.983108,1.0
0.001004,0.97619,0.154472,0.59955,0.466216,1.0
0.001004,0.97619,0.154472,0.59955,0.466216,1.0
0.000995,0.97619,0.154472,0.770304,0.466216,1.0
0.001004,0.97619,0.154472,0.59955,0.466216,1.0
0.001004,0.97619,0.154472,0.59955,0.466216,1.0
0.001004,0.97619,0.154472,0.59955,0.466216,1.0
0.001004,0.97619,0.154472,0.59955,0.466216,1.0
0.002685,0.761905,0.390244,0.463442,0.673986,1.0
0.005093,0.571429,0.252033,0.938133,0.913851,0.0
0.007216,0.97619,0.154472,0.12036,0.119932,0.0
0.03457,0.97619,0.154472,0.412823,0.337838,0.0
0.000499,0.97619,0.154472,0.413948,0.483108,0.0
0.058277,0.97619,0.926829,0.821147,0.856419,0.0
0.000499,0.97619,0.154472,0.469066,0.241554,0.0
0.060626,0.952381,0.878049,0.407199,0.439189,0.0
0.033592,0.97619,0.617886,0.480315,0.733108,0.0
0.018769,0.97619,0.065041,0.940382,0.547297,0.0
0.005363,0.97619,0.154472,0.286839,0.608108,0.0
0.022274,0.166667,0.674797,0.273341,0.920608,0.0
0.017285,0.97619,0.154472,0.614623,0.684122,0.0
0.017757,0.97619,0.926829,0.821147,0.856419,0.0
0.000445,0.357143,0.414634,0.51856,0.625,0.0
0.000499,0.97619,0.723577,0.620922,0.363176,0.0
0.058705,0.97619,0.154472,0.775028,0.70777,0.0
0.058277,0.97619,0.926829,0.821147,0.856419,0.0
0.024396,0.97619,0.154472,0.7964,0.869932,0.0
0.010252,0.97619,0.154472,0.673791,0.722973,0.0
0.013574,0.97619,0.154472,0.775028,0.70777,0.0
0.001543,0.02381,0.081301,0.015748,0.390203,0.0
0.025991,0.97619,0.617886,0.149606,0.057432,0.0
0.059572,0.97619,0.926829,0.821147,0.856419,0.0
0.000508,0.97619,0.154472,0.068616,0.336149,0.0
0.033133,0.97619,0.154472,0.43982,0.22973,0.0
0.001543,0.02381,0.081301,0.015748,0.390203,0.0
0.001009,0.97619,0.154472,0.682115,0.466216,1.0
0.001009,0.97619,0.154472,0.770304,0.466216,1.0
0.001009,0.97619,0.154472,0.59955,0.466216,1.0
0.000995,0.97619,0.154472,0.770304,0.466216,1.0
0.001009,0.97619,0.154472,0.59955,0.466216,1.0
0.001009,0.97619,0.154472,0.59955,0.466216,1.0
0.000489,0.761905,0.390244,0.463442,0.673986,1.0
0.015607,0.97619,0.154472,0.016873,0.989865,0.0
0.000499,0.97619,0.154472,0.75703,0.050676,0.0
0.008651,0.97619,0.341463,0.975253,0.038851,0.0
0.001707,0.97619,0.154472,0.84252,0.810811,0.0
0.000499,0.97619,0.203252,0.175478,0.452703,0.0
0.005347,0.97619,0.154472,0.673791,0.722973,0.0
0.001331,0.214286,0.804878,0.944882,0.564189,0.0
0.012421,0.5,0.691057,0.137233,0.996622,0.0
0.01439,0.97619,0.154472,0.705287,0.096284,0.0
0.002802,0.97619,0.154472,0.460067,0.3125,0.0
0.009746,0.97619,0.154472,0.12036,0.119932,0.0
0.000367,0.97619,0.723577,0.011249,0.018581,0.0
0.130011,0.97619,0.154472,0.055118,0.819257,0.0
0.030618,0.97619,0.154472,0.799775,0.733108,0.0
0.144938,0.97619,0.154472,0.12036,0.119932,0.0
0.000499,0.97619,0.154472,0.905512,0.962838,0.0
0.025201,0.97619,0.154472,0.784027,0.586149,0.0
0.000323,0.97619,0.154472,0.955006,0.665541,0.0
0.005123,0.97619,0.154472,0.859393,0.331081,0.0
0.000451,0.97619,0.845528,0.233971,0.244932,0.0
0.000356,0.97619,0.154472,0.96063,0.689189,0.0
0.017586,0.97619,0.065041,0.667042,0.6875,0.0
0.006998,0.97619,0.154472,0.410574,0.271959,0.0
0.030128,0.952381,0.878049,0.604049,0.621622,0.0
0.018008,0.97619,0.154472,0.775028,0.70777,0.0
0.013187,0.261905,0.739837,0.908886,0.913851,1.0
0.000456,0.97619,0.422764,0.310461,0.028716,1.0
0.00025,0.214286,0.113821,0.964004,0.635135,1.0
0.008917,0.97619,0.154472,0.815523,0.226351,1.0
0.012921,0.214286,0.398374,0.818898,0.95777,1.0
0.00029,0.97619,0.154472,0.648369,0.733108,1.0
0.012846,0.166667,0.146341,0.194601,0.478041,0.0
0.009337,0.97619,0.154472,0.362205,0.574324,0.0
0.000337,0.97619,0.536585,0.114736,0.66723,0.0
0.001543,0.02381,0.081301,0.015748,0.390203,0.0
0.021731,0.97619,0.154472,0.44207,0.476351,0.0
0.000499,0.97619,0.634146,0.833521,0.891892,0.0
0.018304,0.97619,0.154472,0.994376,0.991554,0.0
0.000811,0.97619,0.154472,0.173228,0.434122,0.0
0.012356,0.97619,0.154472,0.051744,0.074324,0.0
0.049966,0.952381,0.878049,0.407199,0.439189,0.0
0.012154,0.97619,0.495935,0.440945,0.537162,0.0
0.007032,0.97619,0.154472,0.673791,0.722973,0.0
0.002834,0.97619,0.154472,0.08324,0.998311,0.0
0.019665,0.97619,0.154472,0.246344,0.581081,0.0
0.017773,0.97619,0.617886,0.934758,0.452703,0.0
0.000436,0.97619,0.154472,0.611924,0.682432,0.0
0.009035,0.97619,0.154472,0.43982,0.22973,0.0
0.011686,0.97619,0.065041,0.295838,0.344595,0.0
0.006618,0.97619,0.658537,0.83802,0.016892,0.0
0.028322,0.714286,0.471545,0.258718,0.29223,0.0
0.013767,0.97619,0.154472,0.532058,0.712838,0.0
0.208612,0.97619,0.617886,0.373453,0.616554,0.0
0.000949,0.97619,0.154472,0.286839,0.608108,0.0
0.010695,0.97619,0.065041,0.151856,0.163851,0.0
0.002802,0.97619,0.154472,0.374578,0.373311,0.0
0.011987,0.97619,0.154472,0.775028,0.70777,0.0
0.000519,0.166667,0.674797,0.172103,0.896959,1.0
0.001018,0.97619,0.154472,0.59955,0.466216,1.0
0.003875,0.97619,0.886179,0.517435,0.576014,1.0
0.003875,0.97619,0.886179,0.517435,0.576014,1.0
0.000331,0.97619,0.154472,0.303712,0.305743,1.0
0.006772,0.97619,0.495935,0.660292,0.716216,0.0
0.002802,0.97619,0.154472,0.374578,0.373311,0.0
0.000828,0.97619,0.154472,0.541057,0.591216,0.0
0.025856,0.97619,0.617886,0.106862,0.871622,0.0
0.061208,0.952381,0.878049,0.407199,0.439189,0.0
0.104837,0.97619,0.536585,0.392576,0.564189,0.0
0.062069,0.952381,0.878049,0.293588,0.192568,0.0
0.00083,0.97619,0.154472,0.544432,0.826014,0.0
0.025038,0.97619,0.154472,0.854893,0.790541,0.0
0.018304,0.97619,0.154472,0.994376,0.991554,0.0
0.000531,0.97619,0.154472,0.527559,0.751689,0.0
0.000499,0.97619,0.585366,0.032621,0.839527,0.0
0.006031,0.97619,0.154472,0.775028,0.70777,0.0
0.002802,0.97619,0.154472,0.374578,0.373311,0.0
0.000052,0.97619,0.154472,0.271091,0.675676,0.0
0.050624,0.97619,0.512195,0.163105,0.765203,0.0
0.001805,0.97619,0.617886,0.428571,0.376689,0.0
0.000499,0.97619,0.154472,0.834646,0.616554,0.0
0.047705,0.97619,0.585366,0.852643,0.778716,0.0
0.037099,0.047619,0.609756,0.31721,0.722973,0.0
0.000952,0.97619,0.154472,0.286839,0.608108,0.0
0.01039,0.97619,0.154472,0.663667,0.984797,0.0
0.000499,0.97619,0.886179,0.578178,0.518581,0.0
0.000499,0.047619,0.609756,0.836895,0.768581,0.0
0.014717,0.071429,0.056911,0.892013,0.944257,0.0
0.013145,0.97619,0.227642,0.974128,0.660473,0.0
0.002834,0.97619,0.154472,0.08324,0.998311,0.0
0.007592,0.666667,0.780488,0.670416,0.724662,0.0
0.019099,0.97619,0.227642,0.255343,0.368243,0.0
0.066155,0.97619,0.227642,0.606299,0.795608,0.0
0.004472,0.97619,0.154472,0.362205,0.574324,0.0
0.030776,0.97619,0.154472,0.775028,0.70777,0.0
0.02495,0.97619,0.154472,0.197525,0.190541,0.0
0.000902,0.97619,0.154472,0.425197,0.613176,0.0
0.012118,0.97619,0.154472,0.775028,0.70777,0.0
0.000339,0.97619,0.154472,0.942632,0.711149,0.0
0.012009,0.97619,0.154472,0.775028,0.70777,0.0
0.000537,0.97619,0.065041,0.055118,0.819257,0.0
0.000981,0.97619,0.154472,0.770304,0.464189,1.0
0.000986,0.97619,0.154472,0.6009,0.466216,1.0
0.000986,0.97619,0.154472,0.59955,0.466216,1.0
0.001018,0.97619,0.154472,0.59955,0.466216,1.0
0.003875,0.97619,0.886179,0.517435,0.576014,1.0
0.000333,0.97619,0.154472,0.303712,0.305743,1.0
0.022052,0.97619,0.154472,0.188976,0.160473,0.0
0.394765,0.047619,0.609756,0.91676,0.966216,0.0
0.022052,0.97619,0.154472,0.188976,0.160473,0.0
0.018831,0.97619,0.154472,0.188976,0.160473,0.0
0.018831,0.97619,0.154472,0.188976,0.160473,0.0
0.011171,0.97619,0.154472,0.020247,0.964527,0.0
0.018831,0.97619,0.154472,0.188976,0.160473,0.0
0.018831,0.97619,0.154472,0.188976,0.160473,0.0
0.000622,0.97619,0.95122,0.431946,0.5,0.0
0.019819,0.97619,0.065041,0.751406,0.295608,0.0
0.018828,0.97619,0.227642,0.167604,0.106419,0.0
0.007527,0.97619,0.926829,0.821147,0.856419,0.0
0.011508,0.97619,0.154472,0.775028,0.70777,0.0
0.004718,0.880952,0.04878,0.168729,0.219595,0.0
0.022052,0.97619,0.154472,0.188976,0.160473,0.0
0.009035,0.97619,0.154472,0.43982,0.22973,0.0
0.022052,0.97619,0.154472,0.188976,0.160473,0.0
0.02,0.97619,0.178862,0.256468,0.358108,0.0
0.035516,0.97619,0.682927,0.751406,0.25,0.0
0.014404,0.97619,0.154472,0.775028,0.70777,0.0
0.022052,0.97619,0.154472,0.188976,0.160473,0.0
0.012659,0.97619,0.617886,0.057368,0.317568,0.0
0.019125,0.97619,0.154472,0.188976,0.160473,0.0
0.022052,0.97619,0.154472,0.188976,0.160473,0.0
0.031045,0.97619,0.154472,0.188976,0.160473,0.0
0.005275,0.333333,0.715447,0.808774,0.599662,0.0
0.012339,0.97619,0.154472,0.188976,0.160473,0.0
0.021385,0.97619,0.154472,0.188976,0.160473,0.0
0.018831,0.97619,0.154472,0.188976,0.160473,0.0
0.030344,0.97619,0.154472,0.188976,0.160473,0.0
0.017496,0.97619,0.154472,0.188976,0.160473,0.0
0.031045,0.97619,0.154472,0.188976,0.160473,0.0
0.031045,0.97619,0.154472,0.188976,0.160473,0.0
0.013939,0.97619,0.154472,0.224297,0.259122,0.0
0.017496,0.97619,0.154472,0.188976,0.160473,0.0
0.018831,0.97619,0.154472,0.188976,0.160473,0.0
0.000955,0.97619,0.154472,0.286839,0.608108,0.0
0.017496,0.97619,0.154472,0.188976,0.160473,0.0
0.001369,0.97619,0.154472,0.19685,0.20777,0.0
0.002313,0.97619,0.658537,0.915636,0.728041,0.0
0.017285,0.97619,0.154472,0.614623,0.684122,0.0
0.00469,0.97619,0.154472,0.458493,0.629054,0.0
0.137826,0.97619,0.065041,0.069741,0.449324,0.0
0.000524,0.166667,0.674797,0.595051,0.402027,0.0
0.021148,0.97619,0.154472,0.188976,0.160473,0.0
0.015476,0.97619,0.154472,0.188976,0.160473,0.0
0.001543,0.02381,0.081301,0.015748,0.390203,0.0
0.019954,0.97619,0.154472,0.188976,0.160473,0.0
0.004522,0.97619,0.154472,0.364454,0.817568,0.0
0.015377,0.97619,0.154472,0.188976,0.160473,0.0
0.000664,0.571429,0.252033,0.526434,0.626689,0.0
0.00231,0.97619,0.658537,0.915636,0.728041,0.0
0.02263,0.97619,0.154472,0.188976,0.160473,0.0
0.002802,0.97619,0.154472,0.374578,0.373311,0.0
0.000951,0.619048,0.772358,0.328459,0.422297,0.0
0.000499,0.880952,0.04878,0.661417,0.734797,0.0
0.008078,0.97619,0.585366,0.524184,0.496622,0.0
0.130011,0.97619,0.065041,0.055118,0.819257,0.0
0.017782,0.97619,0.154472,0.188976,0.160473,0.0
0.015377,0.97619,0.154472,0.188976,0.160473,0.0
0.013103,0.97619,0.065041,0.637795,0.547297,0.0
0.015377,0.97619,0.154472,0.188976,0.160473,0.0
0.015377,0.97619,0.154472,0.188976,0.160473,0.0
0.18669,0.97619,0.243902,0.464567,0.201014,0.0
0.015476,0.97619,0.154472,0.188976,0.160473,0.0
0.018831,0.97619,0.154472,0.188976,0.160473,0.0
0.022052,0.97619,0.154472,0.188976,0.160473,0.0
0.022052,0.97619,0.154472,0.188976,0.160473,0.0
0.006326,0.97619,0.495935,0.689539,0.722973,0.0
0.022052,0.97619,0.154472,0.188976,0.160473,0.0
0.02263,0.97619,0.154472,0.188976,0.160473,0.0
0.022052,0.97619,0.154472,0.188976,0.160473,0.0
0.000089,0.690476,0.707317,0.912261,0.930743,0.0
0.001551,0.690476,0.707317,0.749156,0.346284,0.0
0.020309,0.285714,0.130081,0.038245,0.967905,0.0
0.022052,0.97619,0.154472,0.188976,0.160473,0.0
0.032922,0.97619,0.154472,0.188976,0.160473,0.0
0.050827,0.166667,0.796748,0.335208,0.322635,0.0
0.022052,0.97619,0.154472,0.188976,0.160473,0.0
0.022052,0.97619,0.154472,0.188976,0.160473,0.0
0.000981,0.97619,0.154472,0.59955,0.466216,1.0
0.000986,0.97619,0.154472,0.6009,0.466216,1.0
0.00099,0.97619,0.154472,0.6009,0.466216,1.0
0.001027,0.97619,0.154472,0.59955,0.466216,1.0
0.001027,0.97619,0.154472,0.59955,0.466216,1.0
0.004645,0.97619,0.154472,0.474466,0.40473,1.0
0.003875,0.97619,0.886179,0.517435,0.576014,1.0
0.034725,0.97619,0.154472,0.15748,0.677365,0.0
0.011175,0.97619,0.154472,0.12036,0.119932,0.0
0.011217,0.97619,0.154472,0.775028,0.70777,0.0
0.019273,0.97619,0.065041,0.143982,0.125,0.0
0.020305,0.97619,0.154472,0.440945,0.908784,0.0
0.009583,0.97619,0.154472,0.775028,0.70777,0.0
0.012232,0.97619,0.154472,0.371204,0.744932,0.0
0.004637,0.166667,0.674797,0.625422,0.013514,0.0
0.008143,0.97619,0.178862,0.656918,0.613176,0.0
0.010097,0.309524,0.03252,0.835771,0.543919,0.0
0.005771,0.047619,0.764228,0.446569,0.483108,0.0
0.004641,0.97619,0.154472,0.399325,0.836149,0.0
0.033592,0.97619,0.617886,0.480315,0.733108,0.0
0.007227,0.97619,0.154472,0.12036,0.119932,0.0
0.014529,0.97619,0.154472,0.775028,0.70777,0.0
0.007608,0.97619,0.154472,0.12036,0.119932,0.0
0.000499,0.97619,0.585366,0.485939,0.425676,0.0
0.017851,0.97619,0.617886,0.593926,0.523649,0.0
0.000354,0.97619,0.154472,0.785152,0.805743,0.0
0.006668,0.97619,0.154472,0.43982,0.22973,0.0
0.000952,0.047619,0.910569,0.748031,0.753378,0.0
0.005253,0.97619,0.463415,0.851519,0.927365,0.0
0.01439,0.97619,0.154472,0.020247,0.964527,0.0
0.000958,0.97619,0.154472,0.286839,0.608108,0.0
0.001615,0.97619,0.536585,0.697413,0.771959,0.0
0.000499,0.97619,0.723577,0.834646,0.616554,0.0
0.001622,0.166667,0.674797,0.625422,0.013514,0.0
0.001707,0.97619,0.154472,0.257593,0.236486,0.0
0.011169,0.97619,0.154472,0.382452,0.403716,0.0
0.097463,0.97619,0.658537,0.949381,0.239865,0.0
0.023473,0.97619,0.154472,0.097863,0.253378,0.0
0.101643,0.97619,0.536585,0.392576,0.564189,0.0
0.002802,0.97619,0.154472,0.374578,0.373311,0.0
0.002253,0.97619,0.926829,0.925759,0.329392,0.0
0.023662,0.97619,0.617886,0.930259,0.623311,0.0
0.000633,0.97619,0.845528,0.349831,0.003378,0.0
0.058711,0.97619,0.154472,0.775028,0.70777,0.0
0.002731,0.97619,0.585366,0.284589,0.228041,0.0
0.018829,0.97619,0.227642,0.715411,0.856419,0.0
0.010008,0.97619,0.154472,0.775028,0.70777,0.0
0.000958,0.97619,0.154472,0.286839,0.608108,0.0
0.00099,0.97619,0.154472,0.6009,0.466216,1.0
0.001032,0.97619,0.154472,0.59955,0.466216,1.0
0.003875,0.97619,0.886179,0.517435,0.576014,1.0
0.041744,0.095238,0.138211,0.628796,0.530405,1.0
0.000336,0.97619,0.154472,0.303712,0.305743,1.0
0.00049,0.97619,0.154472,0.435321,0.123311,0.0
0.035516,0.97619,0.682927,0.751406,0.25,0.0
0.100842,0.97619,0.536585,0.392576,0.564189,0.0
0.043951,0.97619,0.723577,0.947132,0.989865,0.0
0.000499,0.357143,0.97561,0.56018,0.322635,0.0
0.030373,0.97619,0.617886,0.304837,0.900338,0.0
0.011175,0.97619,0.154472,0.12036,0.119932,0.0
0.008042,0.97619,0.154472,0.12036,0.119932,0.0
0.001745,0.97619,0.463415,0.501687,0.658784,0.0
0.010882,0.97619,0.065041,0.816648,0.834459,0.0
0.016308,0.97619,0.227642,0.746907,0.603041,0.0
0.012566,0.690476,0.707317,0.998875,0.778716,0.0
0.013165,0.97619,0.154472,0.12036,0.119932,0.0
0.000433,0.97619,0.723577,0.970754,0.287162,0.0
0.000499,0.97619,0.341463,0.804274,0.349662,0.0
0.037578,0.5,0.691057,0.924634,0.626689,0.0
0.050215,0.97619,0.918699,0.47919,0.508446,0.0
0.00002,0.97619,0.065041,0.863892,0.866554,0.0
0.059572,0.97619,0.926829,0.821147,0.856419,0.0
0.001866,0.97619,0.154472,0.219348,0.131757,0.0
0.072089,0.97619,0.617886,0.304837,0.900338,0.0
0.116341,0.047619,0.764228,0.446569,0.483108,0.0
0.01512,0.357143,0.414634,0.133858,0.875,0.0
0.005771,0.047619,0.764228,0.446569,0.483108,0.0
0.035253,0.333333,0.715447,0.457818,0.466216,0.0
0.000995,0.97619,0.154472,0.772328,0.466216,1.0
0.001037,0.97619,0.154472,0.6009,0.466216,1.0
0.001037,0.97619,0.154472,0.59955,0.466216,1.0
0.000992,0.97619,0.154472,0.887514,0.403378,1.0
0.003875,0.97619,0.886179,0.517435,0.576014,1.0
0.003875,0.97619,0.886179,0.517435,0.576014,1.0
0.003875,0.97619,0.886179,0.517435,0.576014,1.0
0.003875,0.97619,0.886179,0.517435,0.576014,1.0
0.001378,0.97619,0.065041,0.830146,0.853041,1.0
0.009605,0.97619,0.227642,0.519685,0.241554,0.0
0.008039,0.452381,0.349593,0.734533,0.170608,0.0
0.013784,0.166667,0.146341,0.339708,0.873311,0.0
0.019819,0.97619,0.065041,0.76153,0.27027,0.0
0.011227,0.166667,0.674797,0.155231,0.949324,0.0
0.007661,0.166667,0.756098,0.616423,0.636824,0.0
0.008166,0.97619,0.065041,0.069741,0.449324,0.0
0.007225,0.97619,0.154472,0.12036,0.119932,0.0
0.018304,0.97619,0.154472,0.994376,0.991554,0.0
0.021377,0.97619,0.065041,0.933633,0.814189,0.0
0.002802,0.97619,0.154472,0.374578,0.373311,0.0
0.002318,0.97619,0.658537,0.915636,0.728041,0.0
0.011565,0.97619,0.154472,0.24072,0.278716,0.0
0.007897,0.97619,0.154472,0.806524,0.587838,0.0
0.000686,0.97619,0.325203,0.302587,0.043919,0.0
0.01439,0.97619,0.154472,0.505062,0.358108,0.0
0.004693,0.047619,0.609756,0.753656,0.942568,0.0
0.000499,0.97619,0.154472,0.084364,0.391892,0.0
0.036259,0.952381,0.878049,0.604049,0.621622,0.0
0.00426,0.97619,0.154472,0.739033,0.841216,0.0
0.029101,0.97619,0.154472,0.43982,0.22973,0.0
0.042256,0.047619,0.764228,0.446569,0.483108,0.0
0.014551,0.97619,0.300813,0.631046,0.376689,0.0
0.016266,0.5,0,0.125984,0.658784,0.0
0.013506,0.785714,0.642276,0.694038,0.543919,0.0
0.019419,0.97619,0.154472,0.775028,0.70777,0.0
0.000499,0.97619,0.154472,0.469066,0.241554,0.0
0.000145,0.047619,0.609756,0.331834,0.859797,0.0
0.004309,0.97619,0.585366,0.524184,0.496622,0.0
0.000499,0.97619,0.154472,0.292463,0.168919,0.0
0.029101,0.97619,0.154472,0.43982,0.22973,0.0
0.005771,0.047619,0.764228,0.446569,0.483108,0.0
0.000765,0.97619,0.723577,0.880765,0.935811,0.0
0.004981,0.97619,0.227642,0.519685,0.241554,0.0
0.000995,0.97619,0.154472,0.6009,0.466216,1.0
0.001037,0.97619,0.154472,0.59955,0.466216,1.0
0.003875,0.97619,0.886179,0.517435,0.576014,1.0
0.002707,0.97619,0.154472,0.705287,0.961149,1.0
0.003875,0.97619,0.926829,0.491564,0.369932,1.0
0.011629,0.97619,0.154472,0.723285,0.827703,1.0
0.000989,0.97619,0.154472,0.771429,0.206081,1.0
0.000499,0.97619,0.926829,0.158605,0.733108,0.0
0.018829,0.97619,0.227642,0.715411,0.856419,0.0
0.005771,0.047619,0.764228,0.446569,0.483108,0.0
0.002638,0.97619,0.926829,0.574803,0.228041,0.0
0.000363,0.97619,0.154472,0.977503,0.548986,0.0
0.008535,0.97619,0.243902,0.845894,0.868243,0.0
0.006286,0.97619,0.154472,0.673791,0.722973,0.0
0.009045,0.357143,0.731707,0.951631,0.8125,0.0
0.017321,0.97619,0.154472,0.619798,0.733108,0.0
0.151251,0.97619,0.154472,0.12036,0.119932,0.0
0.000499,0.97619,0.154472,0.146232,0.152027,0.0
0.02016,0.97619,0.154472,0.994376,0.991554,0.0
0.030379,0.97619,0.065041,0.732283,0.003378,0.0
0.142908,0.97619,0.154472,0.12036,0.119932,0.0
0.036259,0.952381,0.878049,0.604049,0.621622,0.0
0.000599,0.97619,0.154472,0.23622,0.694257,0.0
0.017408,0.97619,0.065041,0.492688,0.554054,0.0
0.010387,0.97619,0.154472,0.663667,0.984797,0.0
0.008707,0.97619,0.154472,0.554556,0.530405,0.0
0.000499,0.97619,0.154472,0.592801,0.277027,0.0
0.168705,0.166667,0.756098,0.044994,0.97973,0.0
0.059252,0.97619,0.617886,0.480315,0.733108,0.0
0.000499,0.97619,0.723577,0.834646,0.616554,0.0
0.000765,0.357143,0.414634,0.091114,0.614865,0.0
0.031716,0.97619,0.154472,0.775028,0.70777,0.0
0.015801,0.97619,0.227642,0.389201,0.912162,0.0
0.011065,0.97619,0.154472,0.12036,0.119932,0.0
0.007418,0.97619,0.178862,0.710911,0.817568,0.0
0.003875,0.97619,0.886179,0.517435,0.576014,1.0
0.012659,0.97619,0.178862,0.793026,0.447635,0.0
0.002982,0.97619,0.926829,0.925759,0.329392,0.0
0.000514,0.97619,0.154472,0.383127,0.440203,0.0
0.000976,0.97619,0.154472,0.286839,0.608108,0.0
0.011175,0.97619,0.154472,0.12036,0.119932,0.0
0.026584,0.97619,0.617886,0.244094,0.849662,0.0
0.000499,0.97619,0.723577,0.834646,0.616554,0.0
0.001032,0.97619,0.926829,0.925759,0.329392,0.0
0.004183,0.047619,0.764228,0.394826,0.842905,0.0
0.002327,0.97619,0.658537,0.915636,0.728041,0.0
0.002802,0.97619,0.154472,0.374578,0.373311,0.0
0.070785,0.166667,0.674797,0.99775,0.5,0.0
0.142652,0.97619,0.154472,0.12036,0.119932,0.0
0.012579,0.97619,0.065041,0.100112,0.351351,0.0
0.000017,0.97619,0.926829,0.142857,0.716216,0.0
0.000499,0.97619,0.886179,0.822272,0.246622,0.0
0.017744,0.97619,0.154472,0.12036,0.119932,0.0
0.017744,0.97619,0.154472,0.12036,0.119932,0.0
0.068456,0.166667,0.674797,0.99775,0.5,0.0
0.000521,0.97619,0.154472,0.631721,0.523311,0.0
0.000531,0.97619,0.227642,0.048369,0.08277,0.0
0.001038,0.97619,0.154472,0.663667,0.984797,0.0
0.008057,0.97619,0.227642,0.715411,0.856419,0.0
0.039776,0.97619,0.154472,0.536558,0.878378,0.0
0.034389,0.97619,0.926829,0.821147,0.856419,0.0
0.006958,0.333333,0.715447,0.841395,0.45777,0.0
0.002312,0.97619,0.658537,0.915636,0.728041,0.0
0.015707,0.97619,0.617886,0.646794,0.001689,0.0
0.000554,0.97619,0.178862,0.547807,0.594595,0.0
0.025452,0.97619,0.154472,0.957255,0.805743,0.0
0.058277,0.97619,0.926829,0.821147,0.856419,0.0
0.01039,0.97619,0.154472,0.663667,0.984797,0.0
0.014325,0.97619,0.154472,0.12036,0.119932,0.0
0.000499,0.166667,0.674797,0.260967,0.258446,0.0
0.000499,0.97619,0.154472,0.592801,0.277027,0.0
0.003913,0.97619,0.154472,0.993251,0.77027,1.0
0.000502,0.97619,0.154472,0.671541,0.442568,0.0
0.015823,0.97619,0.512195,0.298088,0.339527,0.0
0.010393,0.97619,0.154472,0.663667,0.984797,0.0
0.006326,0.97619,0.495935,0.689539,0.722973,0.0
0.001918,0.97619,0.227642,0.755906,0.893581,0.0
0.009648,0.97619,0.154472,0.340832,0.256757,0.0
0.001918,0.97619,0.186992,0.130484,0.277027,0.0
0.013099,0.97619,0.065041,0.988751,0.277027,0.0
0.000285,0.97619,0.495935,0.686164,0.981419,0.0
0.007338,0.97619,0.065041,0.20135,0.410473,0.0
0.000499,0.97619,0.154472,0.626547,0.055743,0.0
0.000562,0.97619,0.065041,0.136108,0.596284,0.0
0.011065,0.97619,0.154472,0.12036,0.119932,0.0
0.004685,0.97619,0.154472,0.399325,0.836149,0.0
0.063991,0.97619,0.617886,0.042745,0.913851,0.0
0.017903,0.97619,0.528455,0.941507,0.993243,0.0
0.00006,0.642857,0.642276,0.629921,0.474662,0.0
0.068458,0.166667,0.674797,0.99775,0.5,0.0
0.013165,0.97619,0.154472,0.12036,0.119932,0.0
0.000348,0.97619,0.536585,0.659168,0.668919,0.0
0.000334,0.97619,0.154472,0.661192,0.523649,0.0
0.019049,0.97619,0.154472,0.957255,0.805743,0.0
0.017782,0.97619,0.154472,0.12036,0.119932,0.0
0.007231,0.97619,0.154472,0.12036,0.119932,0.0
0.00098,0.97619,0.154472,0.286839,0.608108,0.0
0.000294,0.047619,0.910569,0.101237,0.302365,0.0
0.036612,0.97619,0.495935,0.948256,0.116554,0.0
0.023021,0.97619,0.617886,0.551181,0.846284,0.0
0.00663,0.047619,0.764228,0.446569,0.483108,0.0
0.000499,0.97619,0.886179,0.822272,0.246622,0.0
0.017744,0.97619,0.154472,0.12036,0.119932,0.0
0.006152,0.97619,0.926829,0.249719,0.876689,0.0
0.002257,0.97619,0.926829,0.393701,0.444257,0.0
0.017015,0.97619,0.926829,0.888639,0.025338,0.0
0.014161,0.97619,0.617886,0.802025,0.817568,0.0
0.010104,0.166667,0.674797,0.695163,0.472973,0.0
0.006688,0.642857,0.626016,0.703037,0.807432,0.0
0.01039,0.97619,0.154472,0.663667,0.984797,0.0
0.011065,0.97619,0.154472,0.12036,0.119932,0.0
0.022719,0.97619,0.154472,0.305962,0.690878,0.0
0.001,0.97619,0.154472,0.6009,0.466216,1.0
0.00034,0.97619,0.154472,0.874016,0.900338,1.0
0.010458,0.97619,0.154472,0.673791,0.722973,0.0
0.011065,0.97619,0.154472,0.12036,0.119932,0.0
0.000356,0.97619,0.154472,0.467942,0.516892,0.0
0.037649,0.97619,0.154472,0.64297,0.746622,0.0
0.000017,0.97619,0.926829,0.142857,0.716216,0.0
0.007236,0.97619,0.154472,0.12036,0.119932,0.0
0.003686,0.97619,0.617886,0.285714,0.472973,0.0
0.0499,0.97619,0.528455,0.941507,0.993243,0.0
0.000032,0.97619,0.918699,0.141732,0.248311,0.0
0.002849,0.97619,0.065041,0.426322,0.295608,0.0
0.033592,0.97619,0.617886,0.480315,0.733108,0.0
0.034622,0.97619,0.926829,0.735658,0.689189,0.0
0.00053,0.5,0.691057,0.07649,0.547297,0.0
0.048976,0.97619,0.487805,0.553431,0.609797,0.0
0.031767,0.97619,0.723577,0.228346,0.135135,0.0
0.009757,0.97619,0.154472,0.12036,0.119932,0.0
0.027431,0.97619,0.154472,0.473566,0.011824,0.0
0.000297,0.97619,0.723577,0.177728,0.190878,0.0
0.00097,0.97619,0.154472,0.286839,0.608108,0.0
0.060053,0.97619,0.569106,0.213723,0.565878,0.0
0.011949,0.97619,0.617886,0.588301,0.464527,0.0
0.004445,0.97619,0.154472,0.451069,0.989865,0.0
0.002326,0.97619,0.658537,0.915636,0.728041,0.0
0.007643,0.97619,0.154472,0.580427,0.952703,0.0
0.002802,0.97619,0.154472,0.374578,0.373311,0.0
0.019257,0.97619,0.154472,0.867267,0.221284,0.0
0.002327,0.97619,0.658537,0.915636,0.728041,0.0
0.102892,0.97619,0.536585,0.392576,0.564189,0.0
0.00234,0.97619,0.658537,0.915636,0.728041,0.0
0.000362,0.97619,0.154472,0.291789,0.497297,0.0
0.000256,0.97619,0.154472,0.885264,0.515203,0.0
0.022769,0.714286,0.471545,0.939258,0.844595,0.0
0.013469,0.97619,0.154472,0.55973,0.651351,0.0
0.007646,0.97619,0.154472,0.269741,0.498649,0.0
0.015596,0.97619,0.065041,0.731159,0.898649,0.0
0.000513,0.97619,0.512195,0.210349,0.533784,0.0
0.010757,0.97619,0.154472,0.775028,0.70777,0.0
0.015869,0.047619,0.609756,0.91676,0.966216,0.0
0.137587,0.97619,0.154472,0.12036,0.119932,0.0
0.023469,0.690476,0.707317,0.092238,0.33277,0.0
0.001208,0.97619,0.154472,0.663667,0.984797,0.0
0.003477,0.97619,0.154472,0.673791,0.722973,0.0
0.004196,0.690476,0.707317,0.326209,0.893581,1.0
0.00217,0.97619,0.845528,0.365579,0.315878,0.0
0.023469,0.690476,0.707317,0.092238,0.33277,0.0
0.002389,0.166667,0.674797,0.781777,0.285473,0.0
0.011998,0.97619,0.926829,0.652418,0.155405,0.0
0.000499,0.97619,0.886179,0.822272,0.246622,0.0
0.011339,0.690476,0.707317,0.812148,0.959459,0.0
0.053122,0.97619,0.926829,0.372328,0.798986,0.0
0.000499,0.97619,0.560976,0.515186,0.574324,0.0
0.000902,0.97619,0.00813,0.215973,0.648649,0.0
0.000652,0.97619,0.154472,0.487964,0.533446,0.0
0.010393,0.97619,0.154472,0.663667,0.984797,0.0
0.046877,0.97619,0.926829,0.014623,0.275338,0.0
0.003731,0.97619,0.154472,0.462317,0.557432,0.0
0.02718,0.97619,0.154472,0.564679,0.594595,0.0
0.012917,0.714286,0.308943,0.862767,0.364865,0.0
0.001768,0.97619,0.243902,0.334083,0.831081,0.0
0.085946,0.97619,0.154472,0.649044,0.618243,0.0
0.140765,0.97619,0.154472,0.12036,0.119932,0.0
0.004462,0.047619,0.764228,0.394826,0.842905,0.0
0.066423,0.97619,0.569106,0.029246,0.758446,0.0
0.01609,0.690476,0.707317,0.092238,0.33277,0.0
0.010289,0.047619,0.764228,0.394826,0.842905,0.0
0.01453,0.97619,0.154472,0.931384,0.342905,0.0
0.004106,0.97619,0.154472,0.561755,0.589865,0.0
0.022257,0.97619,0.723577,0.68054,0.670608,0.0
0.000738,0.166667,0.674797,0.307087,0.282095,0.0
0.01664,0.97619,0.154472,0.308211,0.393581,0.0
0.007423,0.97619,0.154472,0.473566,0.011824,0.0
0.022932,0.97619,0.154472,0.844769,0.172297,0.0
0.014674,0.357143,0.414634,0.133858,0.875,0.0
0.017744,0.97619,0.154472,0.12036,0.119932,0.0
0.00657,0.97619,0.154472,0.673791,0.722973,0.0
0.005759,0.047619,0.764228,0.446569,0.483108,0.0
0.007476,0.97619,0.617886,0.640045,0.665541,0.0
0.021464,0.166667,0.479675,0.103487,0.815878,0.0
0.010393,0.97619,0.154472,0.663667,0.984797,0.0
0.068456,0.166667,0.674797,0.99775,0.5,0.0
0.00104,0.97619,0.154472,0.663667,0.984797,0.0
0.000297,0.97619,0.154472,0.664792,0.130068,0.0
0.002802,0.97619,0.154472,0.374578,0.373311,0.0
0.000531,0.333333,0.715447,0.510686,0.653716,1.0
0.000986,0.97619,0.154472,0.59955,0.466216,1.0
0.003875,0.97619,0.886179,0.517435,0.576014,1.0
0.003875,0.97619,0.886179,0.517435,0.576014,1.0
0.013187,0.261905,0.739837,0.908886,0.913851,1.0
0.000499,0.97619,0.065041,0.436445,0.962838,0.0
0.103402,0.97619,0.536585,0.392576,0.564189,0.0
0.019873,0.97619,0.154472,0.448369,0.592568,0.0
0.00217,0.97619,0.845528,0.365579,0.315878,0.0
0.007237,0.97619,0.154472,0.12036,0.119932,0.0
0.005771,0.047619,0.764228,0.446569,0.483108,0.0
0.000499,0.97619,0.178862,0.019123,0.60473,0.0
0.025156,0.97619,0.243902,0.832396,0.412162,0.0
0.002802,0.97619,0.154472,0.374578,0.373311,0.0
0.004462,0.047619,0.764228,0.394826,0.842905,0.0
0.000444,0.97619,0.154472,0.084364,0.121622,0.0
0.000499,0.97619,0.227642,0.381327,0.58277,0.0
0.000461,0.97619,0.154472,0.059618,0.04223,0.0
0.021429,0.261905,0.739837,0.129359,0.057432,0.0
0.000499,0.547619,0.382114,0.165354,0.893581,0.0
0.010249,0.97619,0.154472,0.12036,0.119932,0.0
0.00006,0.97619,0.178862,0.697413,0.883446,0.0
0.000513,0.97619,0.065041,0.548931,0.60473,0.0
0.080375,0.97619,0.617886,0.304837,0.900338,0.0
0.002802,0.97619,0.154472,0.374578,0.373311,0.0
0.010393,0.97619,0.154472,0.663667,0.984797,0.0
0.058717,0.97619,0.154472,0.775028,0.70777,0.0
0.020249,0.97619,0.065041,0.731159,0.898649,0.0
0.002112,0.97619,0.154472,0.644544,0.701014,0.0
0.000089,0.97619,0.178862,0.455568,0.493243,0.0
0.071741,0.166667,0.674797,0.99775,0.5,0.0
0.008835,0.380952,0.162602,0.52306,0.489865,0.0
0.000499,0.452381,0.447154,0.839145,0.035473,0.0
0.004036,0.97619,0.495935,0.427447,0.744932,0.0
0.000813,0.547619,0.382114,0.654668,0.038851,1.0
0.003405,0.904762,0.95935,0.967379,0.804054,1.0
0.000992,0.547619,0.382114,0.700787,0.094595,1.0
0.007512,0.97619,0.902439,0.447694,0.483108,1.0
0.013187,0.261905,0.739837,0.908886,0.913851,1.0
0.000537,0.97619,0.065041,0.055118,0.819257,0.0
0.001477,0.97619,0.617886,0.718785,0.824324,0.0
0.000499,0.97619,0.512195,0.347582,0.915541,0.0
0.02982,0.190476,1,0.314961,0.228041,0.0
0.002802,0.97619,0.154472,0.374578,0.373311,0.0
0.000732,0.97619,0.154472,0.498313,0.27027,0.0
0.001206,0.97619,0.154472,0.663667,0.984797,0.0
0.001768,0.97619,0.300813,0.499438,0.952703,0.0
0.013637,0.97619,0.154472,0.252868,0.394257,0.0
0.010486,0.97619,0.154472,0.907762,0.054054,0.0
0.042256,0.047619,0.764228,0.446569,0.483108,0.0
0.000779,0.97619,0.154472,0.457368,0.384122,0.0
0.034725,0.97619,0.154472,0.15748,0.677365,0.0
0.007709,0.97619,0.154472,0.3982,0.447635,0.0
0.006809,0.214286,0.292683,0.752531,0.942568,0.0
0.003646,0.97619,0.723577,0.733408,0.785473,0.0
0.083944,0.97619,0.154472,0.473566,0.011824,0.0
0.019885,0.97619,0.926829,0.472441,0.680743,0.0
0.003264,0.97619,0.154472,0.374578,0.373311,0.0
0.000197,0.97619,0.495935,0.87739,0.067568,0.0
0.136236,0.97619,0.154472,0.12036,0.119932,0.0
0.00025,0.97619,0.845528,0.088864,0.243243,0.0
0.102333,0.97619,0.536585,0.392576,0.564189,0.0
0.000986,0.97619,0.154472,0.286839,0.608108,0.0
0.068374,0.166667,0.674797,0.99775,0.5,0.0
0.010598,0.97619,0.617886,0.587177,0.464527,0.0
0.025561,0.97619,0.569106,0.029246,0.758446,0.0
0.002318,0.97619,0.658537,0.915636,0.728041,0.0
0.002107,0.97619,0.154472,0.447019,0.305743,0.0
0.005771,0.047619,0.764228,0.446569,0.483108,0.0
0.014645,0.97619,0.227642,0.589426,0.489865,0.0
0.002578,0.97619,0.154472,0.673791,0.722973,0.0
0.000363,0.97619,0.886179,0.224972,0.472973,0.0
0.000156,0.047619,0.609756,0.331834,0.859797,0.0
0.013187,0.261905,0.739837,0.908886,0.913851,1.0
0.000986,0.97619,0.154472,0.59955,0.466216,1.0
0.001707,0.904762,0.869919,0.575928,0.635135,1.0
0.002802,0.97619,0.154472,0.374578,0.373311,0.0
0.067763,0.166667,0.674797,0.99775,0.5,0.0
0.02014,0.97619,0.300813,0.968504,0.511824,0.0
0.010709,0.166667,0.674797,0.497188,0.932432,0.0
0.007241,0.97619,0.154472,0.473566,0.011824,0.0
0.016719,0.97619,0.154472,0.996625,0.385135,0.0
0.00473,0.97619,0.227642,0.352081,0.890203,0.0
0.000374,0.97619,0.96748,0.420697,0.630068,0.0
0.007507,0.97619,0.154472,0.24027,0.542568,0.0
0.002802,0.97619,0.154472,0.374578,0.373311,0.0
0.025223,0.97619,0.617886,0.811024,0.260135,0.0
0.000499,0.97619,0.154472,0.010124,0.570946,0.0
0.004308,0.97619,0.154472,0.390326,0.469595,0.0
0.005921,0.97619,0.617886,0.767154,0.837838,0.0
0.019074,0.97619,0.154472,0.12036,0.119932,0.0
0.001831,0.97619,0.154472,0.443195,0.478041,0.0
0.038461,0.97619,0.154472,0.87964,0.748311,0.0
0.000636,0.97619,0.154472,0.68324,0.728041,0.0
0.008188,0.97619,0.227642,0.345332,0,0.0
0.670751,0.97619,0.154472,0.273341,0.332095,0.0
0.018126,0.97619,0.154472,0.957255,0.805743,0.0
0.000499,0.97619,0.154472,0.592801,0.277027,0.0
0.001861,0.97619,0.926829,0.142857,0.716216,0.0
0.00177,0.97619,0.886179,0.872891,0.153716,0.0
0.017622,0.97619,0.154472,0.079865,0.319257,0.0
0.003034,0.97619,0.300813,0.762655,0.777027,0.0
0.000499,0.97619,0.227642,0.167604,0.106419,0.0
0.000499,0.97619,0.585366,0.605174,0.283784,0.0
0.013187,0.261905,0.739837,0.908886,0.913851,1.0
0.002961,0.97619,0.926829,0.073116,0.815878,1.0
0.005085,0.571429,0.252033,0.788526,0.935811,0.0
0.000499,0.97619,0.154472,0.592801,0.277027,0.0
0.015069,0.97619,0.723577,0.817773,0.469595,0.0
0.039839,0.97619,0.154472,0.536558,0.878378,0.0
0.009441,0.97619,0.886179,0.409449,0.535473,0.0
0.002578,0.97619,0.154472,0.673791,0.722973,0.0
0.000356,0.214286,0.113821,0.885264,0.631757,0.0
0.015915,0.97619,0.154472,0.350506,0.205405,0.0
0.015233,0.97619,0.154472,0.206074,0.473986,0.0
0.010393,0.97619,0.154472,0.663667,0.984797,0.0
0.002802,0.97619,0.154472,0.374578,0.373311,0.0
0.00025,0.97619,0.926829,0.121485,0.158784,0.0
0.000499,0.97619,0.154472,0.467267,0.410473,0.0
0.000499,0.97619,0.154472,0.440945,0.944257,0.0
0.033885,0.97619,0.178862,0.656918,0.613176,0.0
0.089471,0.97619,0.154472,0.403825,0.136824,0.0
0.146186,0.97619,0.154472,0.11811,0.322635,0.0
0.042888,0.97619,0.926829,0.014623,0.275338,0.0
0.023568,0.97619,0.065041,0.8009,0.994932,0.0
0.000368,0.97619,0.886179,0.224972,0.472973,0.0
0.002578,0.97619,0.154472,0.673791,0.722973,0.0
0.000088,0.97619,0.918699,0.989876,0.714527,0.0
0.000858,0.97619,0.065041,0.187852,0.030405,0.0
0.013187,0.261905,0.739837,0.908886,0.913851,1.0
0.021024,0.095238,0.138211,0.553656,0.602365,1.0
0.012822,0.214286,0.105691,0.005624,0.925676,1.0
0.002578,0.97619,0.154472,0.673791,0.722973,0.0
0.002257,0.97619,0.918699,0.411699,0.496622,0.0
0.026649,0.97619,0.154472,0.208099,0.148649,0.0
0.008186,0.97619,0.154472,0.013498,0.381757,0.0
0.002335,0.97619,0.658537,0.915636,0.728041,0.0
0.011993,0.97619,0.154472,0.12036,0.119932,0.0
0.000499,0.690476,0.707317,0.827897,0.194257,0.0
0.012915,0.97619,0.154472,0.154106,0.175676,0.0
0.005435,0.97619,0.154472,0.357705,0.881757,0.0
0.024393,0.97619,0.154472,0.957255,0.805743,0.0
0.012483,0.190476,1,0.314961,0.228041,0.0
0.001902,0.97619,0.617886,0.769404,0.324324,0.0
0.000017,0.97619,0.926829,0.142857,0.716216,0.0
0.102136,0.97619,0.585366,0.348706,0.765203,0.0
0.014881,0.97619,0.154472,0.289089,0.841216,0.0
0.068251,0.166667,0.674797,0.99775,0.5,0.0
0.000396,0.97619,0.926829,0.444319,0.212838,0.0
0.070306,0.97619,0.154472,0.490214,0.586486,0.0
0.024234,0.97619,0.154472,0.613048,0.574324,0.0
0.003691,0.166667,0.674797,0.27784,0.057432,0.0
0.026441,0.97619,0.154472,0.894263,0.251689,0.0
0.066423,0.97619,0.569106,0.029246,0.758446,0.0
0.008149,0.97619,0.154472,0.848144,0.902027,0.0
0.014993,0.97619,0.154472,0.564229,0.724324,0.0
0,0.97619,0.585366,0.500562,0.027027,0.0
0.022892,0.380952,0.284553,0.521935,0.577703,0.0
0.000396,0.97619,0.926829,0.444319,0.212838,0.0
0.008383,0.166667,0.756098,0.176603,0.02027,0.0
0.043494,0.97619,0.154472,0.208999,0.296622,0.0
0.00237,0.047619,0.764228,0.563555,0.202703,0.0
0.005899,0.166667,0.479675,0.754781,0.5625,0.0
0.000902,0.97619,0.154472,0.286839,0.608108,0.0
0.015096,0.97619,0.154472,0.775028,0.70777,0.0
0.000373,0.97619,0.00813,0.96288,0.969595,1.0
0.004449,0.97619,0.154472,0.673791,0.722973,0.0
0.018116,0.97619,0.178862,0.03937,0.883446,0.0
0.017186,0.97619,0.723577,0.901012,0.628378,0.0
0.013353,0.166667,0.756098,0.417323,0.606419,0.0
0.024393,0.97619,0.154472,0.957255,0.805743,0.0
0.020957,0.97619,0.154472,0.448369,0.592568,0.0
0.035266,0.97619,0.154472,0.03712,0.087838,0.0
0.013039,0.97619,0.577236,0.778403,0.013514,0.0
0.013353,0.166667,0.756098,0.417323,0.606419,0.0
0.003116,0.97619,0.243902,0.856018,0.488176,0.0
0.00142,0.166667,0.674797,0.614173,0.673986,0.0
0.000325,0.97619,0.154472,0.831271,0.655405,0.0
0.553203,0.166667,0.674797,0.031496,0.780405,0.0
0.000499,0.97619,0.154472,0.416648,0.440541,0.0
0.000499,0.952381,0.878049,0.671091,0.396959,0.0
0.0068,0.97619,0.154472,0.006749,0.27027,0.0
0.025069,0.97619,0.926829,0.014623,0.275338,0.0
0.03128,0.97619,0.154472,0.87964,0.748311,0.0
0.000351,0.97619,0.065041,0.221597,0.540541,1.0
0.026399,0.97619,0.154472,0.283465,0.327703,1.0
0.012089,0.97619,0.723577,0.901012,0.628378,0.0
0.017546,0.97619,0.154472,0.482115,0.647973,0.0
0.000525,0.97619,0.512195,0.210349,0.533784,0.0
0.003855,0.97619,0.154472,0.512936,0.491216,0.0
0.000499,0.97619,0.227642,0.370079,0.168919,0.0
0.001479,0.97619,0.154472,0.447244,0.362838,0.0
0.000017,0.97619,0.926829,0.142857,0.716216,0.0
0.000902,0.97619,0.154472,0.286839,0.608108,0.0
0.004651,0.166667,0.674797,0.858268,0.755068,0.0
0.056126,0.97619,0.918699,0.411699,0.496622,0.0
0.088761,0.97619,0.154472,0.12036,0.119932,0.0
0.01502,0.214286,0.98374,0.191226,0.41723,0.0
0.007687,0.97619,0.154472,0.324634,0.252703,0.0
0.02919,0.97619,0.154472,0.692913,0.856419,0.0
0.014819,0.97619,0.154472,0.673791,0.722973,0.0
0.016817,0.97619,0.154472,0.996625,0.385135,0.0
0.008376,0.97619,0.845528,0.269966,0.733108,0.0
0.005594,0.97619,0.154472,0.539033,0.520946,0.0
0.000297,0.97619,0.926829,0.622047,0.297297,0.0
0.000499,0.97619,0.154472,0.318335,0.407095,0.0
0.00004,0.97619,0.227642,0.910011,0.579392,0.0
0.010545,0.97619,0.154472,0.181102,0.905405,0.0
0.031602,0.97619,0.154472,0.12036,0.119932,0.0
0.002591,0.97619,0.227642,0.876265,0.864865,0.0
0.014182,0.047619,0.609756,0.691789,0.326014,0.0
0.000499,0.97619,0.154472,0.305962,0.233108,0.0
0.004036,0.97619,0.495935,0.427447,0.744932,0.0
0.013187,0.261905,0.739837,0.908886,0.913851,1.0
0.004196,0.690476,0.707317,0.326209,0.893581,1.0
0.023031,0.97619,0.617886,0.764904,0.974662,0.0
0.003204,0.97619,0.154472,0.08324,0.998311,0.0
0.018487,0.97619,0.300813,0.205849,0.251689,0.0
0.018906,0.97619,0.495935,0.204724,0.226351,0.0
0.002718,0.97619,0.154472,0.418448,0.244932,0.0
0.018053,0.97619,0.227642,0.786277,0.778716,0.0
0.008445,0.97619,0.154472,0.286839,0.608108,0.0
0.014223,0.833333,0.642276,0.552306,0.903716,0.0
0.014325,0.97619,0.154472,0.12036,0.119932,0.0
0.102735,0.97619,0.536585,0.392576,0.564189,0.0
0.015905,0.97619,0.154472,0.848144,0.902027,0.0
0.017744,0.97619,0.154472,0.12036,0.119932,0.0
0.015548,0.119048,0.601626,0.559055,0.432432,0.0
0.01439,0.97619,0.227642,0.696288,0.175676,0.0
0.021406,0.97619,0.203252,0.024747,0.010135,0.0
0.068268,0.166667,0.674797,0.99775,0.5,0.0
0.143814,0.97619,0.154472,0.12036,0.119932,0.0
0.1381,0.97619,0.154472,0.223847,0.695946,0.0
0.067669,0.97619,0.569106,0.029246,0.758446,0.0
0.007423,0.97619,0.154472,0.473566,0.011824,0.0
0.016449,0.97619,0.154472,0.12036,0.119932,0.0
0.016551,0.97619,0.154472,0.673791,0.722973,0.0
0.012064,0.97619,0.154472,0.673791,0.722973,0.0
0.016869,0.97619,0.154472,0.673791,0.722973,0.0
0.066423,0.97619,0.569106,0.029246,0.758446,0.0
0.031534,0.97619,0.96748,0.379078,0.028716,0.0
0.002802,0.97619,0.154472,0.374578,0.373311,0.0
0.061884,0.97619,0.154472,0.223847,0.695946,0.0
0.000499,0.047619,0.764228,0.458943,0.494932,0.0
0.004019,0.738095,0.747967,0.628796,0.719595,1.0
0.000396,0.97619,0.154472,0.847019,0.079392,0.0
0.039231,0.97619,0.154472,1,0.266892,0.0
0.011113,0.97619,0.154472,0.138358,0.168919,0.0
0,0.97619,0.617886,0.025872,0.222973,0.0
0.002802,0.97619,0.154472,0.374578,0.373311,0.0
0.001486,0.166667,0.756098,0.952756,0.320946,0.0
0.004449,0.97619,0.154472,0.673791,0.722973,0.0
0.004685,0.97619,0.154472,0.399325,0.836149,0.0
0.000499,0.97619,0.178862,0.251969,0.988176,0.0
0.013463,0.97619,0.243902,0.220472,0.527027,0.0
0.014407,0.97619,0.186992,0.149606,0.185811,0.0
0.022598,0.690476,0.707317,0.537683,0.288851,0.0
0.010458,0.97619,0.154472,0.673791,0.722973,0.0
0.000353,0.97619,0.154472,0.145107,0.679054,0.0
0.014819,0.97619,0.154472,0.673791,0.722973,0.0
0.000499,0.047619,0.764228,0.458943,0.494932,0.0
0.000291,0.97619,0.154472,0.868391,0.859797,0.0
0.000499,0.97619,0.569106,0.299213,0.35473,0.0
0.001462,0.166667,0.756098,0.791901,0.883446,0.0
0.011298,0.214286,0.292683,0.752531,0.942568,0.0
0.10363,0.97619,0.536585,0.392576,0.564189,0.0
0.002346,0.97619,0.658537,0.915636,0.728041,0.0
0.000499,0.97619,0.065041,0.987627,0.736486,0.0
0.017744,0.97619,0.154472,0.12036,0.119932,0.0
0.001947,0.428571,0.333333,0.699663,0.202703,0.0
0.000347,0.97619,0.154472,0.48234,0.31723,0.0
0.026294,0.285714,0.130081,0.776153,0.658784,0.0
0.027017,0.97619,0.154472,0.248594,0.733108,0.0
0.018784,0.97619,0.227642,0.294713,0.297297,0.0
0.008897,0.97619,0.154472,0.391451,0.491554,0.0
0.001888,0.97619,0.065041,0.658043,0.376689,0.0
0.005825,0.690476,0.707317,0.772778,0.885135,0.0
0.000547,0.97619,0.227642,0.721035,0.883446,0.0
0.011305,0.97619,0.154472,0.12036,0.119932,0.0
0.008927,0.97619,0.065041,0.151856,0.163851,0.0
0.034961,0.97619,0.569106,0.029246,0.758446,0.0
0.002578,0.97619,0.154472,0.673791,0.722973,0.0
0.00069,0.97619,0.154472,0.392576,0.566554,0.0
0.026567,0.97619,0.154472,0.246344,0.581081,0.0
0.000499,0.97619,0.154472,0.822272,0.410473,0.0
0.000499,0.97619,0.886179,0.822272,0.246622,0.0
0.03158,0.97619,0.617886,0.154106,0.202703,0.0
0.010517,0.97619,0.154472,0.655793,0.699324,0.0
0.010252,0.97619,0.154472,0.673791,0.722973,0.0
0.002326,0.97619,0.658537,0.915636,0.728041,0.0
0.02588,0.809524,0.317073,0.341957,0.285473,0.0
0.01243,0.97619,0.154472,0.217098,0.285473,0.0
0.017253,0.97619,0.300813,0.116985,0.947635,0.0
0.010147,0.5,0.691057,0.330709,0.356419,0.0
0.000531,0.97619,0.154472,0.537683,0.290541,0.0
0.007902,0.97619,0.617886,0.147357,0.096284,0.0
0.038199,0.97619,0.569106,0.029246,0.758446,0.0
0.00036,0.97619,0.617886,0.380202,0.75,0.0
0.032415,0.97619,0.617886,0.764904,0.974662,0.0
0.036138,0.47619,0.788618,0.890889,0.945946,0.0
0.000499,0.97619,0.154472,0.478065,0.372297,0.0
0.018428,0.97619,0.178862,0.932508,0.85473,0.0
0.000371,0.97619,0.886179,0.224972,0.472973,0.0
0.001821,0.97619,0.154472,0.683915,0.726351,0.0
0.019819,0.97619,0.065041,0.76153,0.27027,0.0
0.011993,0.97619,0.154472,0.12036,0.119932,0.0
0.015833,0.97619,0.300813,0.968504,0.511824,0.0
0.013187,0.261905,0.739837,0.908886,0.913851,1.0
0.009183,0.97619,0.886179,0.860517,0.890203,1.0
0.087616,0.97619,0.617886,0.285714,0.472973,0.0
0.000089,0.97619,0.495935,0.111361,0.525338,0.0
0.000499,0.97619,0.886179,0.822272,0.246622,0.0
0.000499,0.047619,0.764228,0.458943,0.494932,0.0
0.004148,0.97619,0.300813,0.814398,0.471284,0.0
0.010442,0.97619,0.065041,0.391451,0.491554,0.0
0.32049,0.97619,0.154472,0.775028,0.70777,0.0
0.012462,0.97619,0.926829,0.444319,0.212838,0.0
0.087284,0.166667,0.756098,0.296963,0.484797,0.0
0.000531,0.97619,0.227642,0.028121,0.233108,0.0
0.000499,0.97619,0.154472,0.295838,0.64527,0.0
0.069438,0.166667,0.674797,0.160855,0.076014,0.0
0.000499,0.97619,0.178862,0.202475,0.141892,0.0
0.000499,0.97619,0.154472,0.946007,0.658784,0.0
0.0026,0.97619,0.065041,0.565804,0.934122,0.0
0.011823,0.97619,0.154472,0.12036,0.119932,0.0
0.008695,0.97619,0.154472,0.272216,0.925676,0.0
0.002392,0.97619,0.065041,0.265467,0.204392,0.0
0.034961,0.97619,0.569106,0.029246,0.758446,0.0
0.001816,0.97619,0.569106,0.029246,0.758446,0.0
0.139908,0.97619,0.918699,0.903262,0.863176,0.0
0.034961,0.97619,0.569106,0.029246,0.758446,0.0
0.014878,0.97619,0.065041,0.895388,0.650338,0.0
0.003469,0.97619,0.154472,0.140607,0.423986,0.0
0.000423,0.97619,0.886179,0.224972,0.472973,0.0
0.041521,0.97619,0.154472,0.229471,0.663851,0.0
0.00025,0.119048,0.601626,0.878515,0.021959,0.0
0.029886,0.97619,0.300813,0.15973,0.275338,0.0
0.00025,0.97619,0.918699,0.48144,0.704392,0.0
0.000499,0.97619,0.227642,0.415073,0.515203,0.0
0.000542,0.214286,0.98374,0.899888,0.810811,0.0
0.002578,0.97619,0.154472,0.673791,0.722973,0.0
0.011855,0.97619,0.154472,0.469291,0.708108,0.0
0.000499,0.97619,0.227642,0.415073,0.515203,0.0
0.014358,0.97619,0.065041,0.782902,0.802365,0.0
0.016989,0.333333,0.715447,0.259843,0.015203,0.0
0.0085,0.97619,0.154472,0.316085,0.572635,0.0
0.006895,0.97619,0.154472,0.286839,0.608108,0.0
0.019451,0.97619,0.154472,0.645669,0.932432,0.0
0.000499,0.047619,0.764228,0.458943,0.494932,0.0
0.000499,0.97619,0.178862,0.202475,0.141892,0.0
0.000616,0.97619,0.886179,0.422947,0.472973,0.0
0.000499,0.97619,0.886179,0.224972,0.472973,0.0
0.008148,0.97619,0.227642,0.514061,0.510135,0.0
0.019969,0.97619,0.227642,0.509561,0.537162,0.0
0.000499,0.97619,0.536585,0.488189,0.204392,0.0
0.000386,0.642857,1,0.110236,0.888514,0.0
0.037895,0.97619,0.926829,0.385827,0.47973,0.0
0.00025,0.119048,0.601626,0.878515,0.021959,0.0
0.000193,0.97619,0.682927,0.434196,0.846284,0.0
0.002327,0.97619,0.658537,0.915636,0.728041,0.0
0.008148,0.97619,0.227642,0.514061,0.510135,0.0
0.077853,0.97619,0.227642,0.320585,0.064189,0.0
0.030599,0.97619,0.154472,0.229471,0.663851,0.0
0.011309,0.97619,0.154472,0.429471,0.526689,0.0
0.000423,0.97619,0.886179,0.224972,0.472973,0.0
0.000305,0.380952,0.284553,0.026997,0.398649,0.0
0.003039,0.97619,0.154472,0.447469,0.523311,0.0
0.013098,0.97619,0.154472,0.815523,0.400338,0.0
0.000374,0.97619,0.886179,0.224972,0.472973,0.0
0.000499,0.190476,0.99187,0.984252,0.826014,0.0
0.03337,0.97619,0.154472,0.195726,0.070946,0.0
0.009863,0.97619,0.154472,0.11811,0.322635,0.0
0.013514,0.547619,0.382114,0.820022,0.255068,0.0
0.002802,0.97619,0.154472,0.374578,0.373311,0.0
0.003918,0.97619,0.154472,0.235096,0.323311,0.0
0.01543,0.97619,0.154472,0.053993,0.069257,0.0
0.003018,0.97619,0.300813,0.653543,0.670608,0.0
0.007522,0.166667,0.146341,0.399325,0.932432,0.0
0.000499,0.97619,0.723577,0.834646,0.616554,0.0
0.116714,0.166667,0.146341,0.113611,0.923986,0.0
0.062505,0.97619,0.617886,0.392576,0.344595,0.0
0.017744,0.97619,0.154472,0.12036,0.119932,0.0
0.030297,0.97619,0.154472,0.174353,0.334459,0.0
0.009943,0.357143,0.414634,0.690664,0.976351,0.0
0.156204,0.97619,0.154472,0.228346,0.263514,0.0
0.083845,0.97619,0.227642,0.132733,0.85473,0.0
0.016023,0.97619,0.154472,0.528684,0.608108,0.0
0.001269,0.97619,0.658537,0.139483,0.184122,0.0
0.038175,0.97619,0.918699,0.094488,0.366554,0.0
0.00081,0.285714,0.130081,0.064117,0.081081,1.0
0.000499,0.97619,0.065041,0.973003,0.037162,0.0
0.007048,0.97619,0.227642,0.556805,0.662162,0.0
0.060373,0.97619,0.154472,0.246344,0.581081,0.0
0.000537,0.97619,0.227642,0.416198,0.47973,0.0
0.00997,0.97619,0.154472,0.52171,0.232432,0.0
0.000017,0.97619,0.926829,0.142857,0.716216,0.0
0.018144,0.97619,0.926829,0.384702,0.885135,0.0
0.000418,0.97619,0.154472,0.985377,0.815878,0.0
0.002344,0.97619,0.658537,0.915636,0.728041,0.0
0.002692,0.97619,0.154472,0.5973,0.1875,0.0
0.012413,0.97619,0.154472,0.2036,0.923986,0.0
0.029773,0.97619,0.569106,0.029246,0.758446,0.0
0.000396,0.97619,0.926829,0.444319,0.212838,0.0
0.071728,0.97619,0.569106,0.029246,0.758446,0.0
0.000396,0.97619,0.926829,0.444319,0.212838,0.0
0.002659,0.97619,0.203252,0.060742,0.733108,0.0
0.013652,0.97619,0.154472,0.611924,0.673986,0.0
0.000411,0.97619,0.617886,0.127109,0.033784,0.0
0.021891,0.97619,0.926829,0.707537,0.065878,0.0
0.007402,0.97619,0.154472,0.528684,0.608108,0.0
0.038644,0.97619,0.154472,0.644094,0.590203,0.0
0.006695,0.97619,0.178862,0.253093,0.984797,0.0
0.010115,0.97619,0.227642,0.514061,0.510135,0.0
0.011993,0.97619,0.154472,0.12036,0.119932,0.0
0.018071,0.97619,0.154472,0.272216,0.925676,0.0
0.010115,0.97619,0.227642,0.514061,0.510135,0.0
0.032323,0.97619,0.617886,0.764904,0.974662,0.0
0.017351,0.97619,0.154472,0.12036,0.119932,0.0
0.01916,0.166667,0.674797,0.80315,0.915541,0.0
0.000377,0.97619,0.536585,0.086614,0.359797,0.0
0.000499,0.97619,0.723577,0.55793,0.616554,0.0
0.001078,0.97619,0.886179,0.224972,0.472973,0.0
0.000588,0.97619,0.154472,0.136108,0.596284,0.0
0.003376,0.452381,0.439024,0.47694,0.810811,0.0
0.000499,0.97619,0.154472,0.592801,0.277027,0.0
0.014301,0.97619,0.154472,0.775028,0.70777,0.0
0.005771,0.047619,0.764228,0.446569,0.483108,0.0
0.004123,0.97619,0.154472,0.569179,0.440878,0.0
0.011122,0.97619,0.154472,0.138358,0.168919,0.0
0.022342,0.97619,0.154472,0.12036,0.119932,0.0
0.012002,0.97619,0.154472,0.12036,0.119932,0.0
0.023974,0.97619,0.065041,0.336333,0.432432,0.0
0.000499,0.97619,0.154472,0.582902,0.496959,0.0
0.005174,0.97619,0.154472,0.424072,0.268581,0.0
0.000499,0.97619,0.926829,0.730034,0.511824,0.0
0.000531,0.97619,0.154472,0.961755,0.091216,0.0
0.015427,0.97619,0.154472,0.623847,0.583108,0.0
0.002854,0.97619,0.154472,0.607424,0.222973,0.0
0.113984,0.166667,0.674797,0.35658,0.738176,0.0
0.005352,0.97619,0.658537,0.386952,0.29223,0.0
0.066095,0.333333,0.715447,0.190101,0.677365,0.0
0.000499,0.97619,0.886179,0.224972,0.472973,0.0
0.01223,0.97619,0.300813,0.853768,0.79223,0.0
0.018502,0.97619,0.154472,0.673791,0.722973,0.0
0.028086,0.97619,0.926829,0.065242,0.913851,0.0
0.000499,0.97619,0.723577,0.834646,0.616554,0.0
0.000967,0.97619,0.154472,0.286839,0.608108,0.0
0.000493,0.97619,0.154472,0.354331,0.65473,0.0
0.009023,0.97619,0.154472,0.323285,0.482432,0.0
0.021577,0.97619,0.926829,0.023622,0.810811,0.0
0.006171,0.97619,0.154472,0.449944,0.47973,0.0
0.014506,0.952381,0.878049,0.712036,0.402027,0.0
0.029435,0.97619,0.617886,0.764904,0.974662,0.0
0.039387,0.97619,0.569106,0.029246,0.758446,0.0
0.034725,0.97619,0.154472,0.15748,0.677365,0.0
0.007062,0.452381,0.276423,0.471316,0.886824,0.0
0.080847,0.97619,0.585366,0.524184,0.496622,0.0
0.023534,0.97619,0.154472,0.957255,0.805743,0.0
0.031348,0.97619,0.154472,0.294713,0.297297,0.0
0.070579,0.97619,0.569106,0.029246,0.758446,0.0
0.014629,0.357143,0.520325,0.608549,0.413851,0.0
0.013246,0.97619,0.569106,0.029246,0.758446,0.0
0.000499,0.97619,0.926829,0.730034,0.511824,0.0
0.000499,0.666667,0.780488,0.889764,0.347973,0.0
0.049816,0.97619,0.845528,0.736783,0.626689,0.0
0.089822,0.97619,0.227642,0.095613,0.195946,0.0
0.000052,0.97619,0.227642,0.24297,0.214527,0.0
0.005899,0.97619,0.154472,0.471541,0.441892,0.0
0.039387,0.97619,0.569106,0.029246,0.758446,0.0
0.056028,0.97619,0.617886,0.930259,0.623311,0.0
0.020938,0.166667,0.674797,0.617548,0.626689,0.0
0.08616,0.97619,0.154472,0.528684,0.608108,0.0
0.150169,0.97619,0.300813,0.116985,0.947635,0.0
0.019462,0.97619,0.154472,0.673791,0.722973,0.0
0.041267,0.97619,0.178862,0.656918,0.613176,0.0
0.019005,0.97619,0.154472,0.084364,0.121622,0.0
0.022722,0.97619,0.926829,0.525309,0.462838,0.0
0.000508,0.97619,0.154472,0.528009,0.628378,0.0
0.001159,0.97619,0.203252,0.826772,0.692568,0.0
0.000377,0.97619,0.886179,0.224972,0.472973,0.0
0.061662,0.97619,0.617886,0.634421,0.782095,0.0
0.000089,0.97619,0.495935,0.992126,0.055743,1.0
0.022718,0.97619,0.154472,0.137683,0.292905,0.0
0.000902,0.97619,0.154472,0.286839,0.608108,0.0
0.039387,0.97619,0.569106,0.029246,0.758446,0.0
0.014486,0.97619,0.211382,0.00225,0.375,0.0
0.084604,0.97619,0.154472,0.533183,0.880068,0.0
0.000387,0.97619,0.154472,0.687289,0.596284,0.0
0.010376,0.166667,0.674797,0.590551,0.900338,0.0
0.000371,0.97619,0.211382,0.917885,0.459459,0.0
0.056327,0.97619,0.154472,0.368954,0.216216,0.0
0.001024,0.97619,0.065041,0.112486,0.851351,1.0
0.008445,0.97619,0.154472,0.286839,0.608108,0.0
0.020478,0.97619,0.154472,0.47919,0.839527,0.0
0.006839,0.97619,0.065041,0.245219,0.685811,0.0
0.083944,0.97619,0.227642,0.624297,0.456081,0.0
0.000499,0.97619,0.723577,0.834646,0.616554,0.0
0.000547,0.97619,0.154472,0.200225,0.209459,0.0
0.005606,0.97619,0.341463,0.885264,0.787162,0.0
0.000488,0.97619,0.154472,0.651294,0.467905,0.0
0.000303,0.97619,0.227642,0.040495,0.658784,0.0
0.024246,0.97619,0.617886,0.764904,0.974662,0.0
0.007254,0.97619,0.154472,0.12036,0.119932,0.0
0.040226,0.97619,0.178862,0.327334,0.006757,0.0
0.019353,0.97619,0.617886,0.098988,0.255068,0.0
0.086622,0.97619,0.658537,0.355456,0.815878,0.0
0.020546,0.166667,0.674797,0.289089,0.841216,0.0
0.000403,0.97619,0.617886,0.285714,0.472973,0.0
0.005016,0.97619,0.154472,0.145107,0.635135,0.0
0.010466,0.809524,0.317073,0.529809,0.008446,0.0
0.035058,0.97619,0.495935,0.886389,0.310811,0.0
0.076594,0.97619,0.154472,0.286839,0.608108,0.0
0.019416,0.97619,0.617886,0.344207,0.793919,0.0
0.01453,0.97619,0.065041,0.76153,0.27027,0.0
0.028961,0.97619,0.569106,0.029246,0.758446,0.0
0.019257,0.97619,0.154472,0.12036,0.119932,0.0
0.033063,0.97619,0.569106,0.146232,0.111486,0.0
0.010485,0.97619,0.065041,0.568054,0.072635,0.0
0.009512,0.357143,0.268293,0.43757,0.810811,0.0
0.039387,0.97619,0.569106,0.029246,0.758446,0.0
0.000299,0.97619,0.723577,0.250844,0.255068,1.0
0.006058,0.97619,0.154472,0.775028,0.70777,0.0
0.02144,0.166667,0.674797,0.131609,0.136824,0.0
0.000382,0.97619,0.154472,0.305962,0.777027,0.0
0.00231,0.97619,0.658537,0.579303,0.817568,0.0
0.008445,0.97619,0.154472,0.286839,0.608108,0.0
0.019351,0.952381,0.878049,0.712036,0.402027,0.0
0.000499,0.690476,0.707317,0.353206,0.138514,0.0
0.039387,0.97619,0.569106,0.029246,0.758446,0.0
0.000423,0.97619,0.886179,0.224972,0.472973,0.0
0.017084,0.97619,0.154472,0.928009,0.783784,0.0
0.012222,0.97619,0.154472,0.673791,0.722973,0.0
0.000554,0.238095,0.195122,0.849269,0.47973,0.0
0.014853,0.97619,0.154472,0.286839,0.608108,0.0
0.070579,0.97619,0.569106,0.029246,0.758446,0.0
0.017707,0.97619,0.300813,0.322835,0.709459,0.0
0.006627,0.97619,0.154472,0.017998,0.885135,0.0
0.025468,0.97619,0.617886,0.098988,0.255068,0.0
0.051586,0.97619,0.154472,0.775028,0.70777,0.0
0.001199,0.97619,0.154472,0,0.288851,1.0
0.095453,0.97619,0.536585,0.392576,0.564189,0.0
0.100765,0.166667,0.674797,0.04162,0.538851,0.0
0.000499,0.97619,0.154472,0.487064,0.437838,0.0
0.000798,0.047619,0.764228,0.478065,0.939189,0.0
0.088388,0.97619,0.154472,0.704162,0.172297,0.0
0.013464,0.97619,0.300813,0.116985,0.947635,0.0
0.002909,0.97619,0.154472,0.714286,0.390203,0.0
0.018277,0.97619,0.154472,0.12036,0.119932,0.0
0.017554,0.97619,0.154472,0.074241,0.506757,0.0
0.083762,0.97619,0.154472,0.705287,0.096284,0.0
0.18278,0.166667,0.756098,0.35883,0.445946,0.0
0.01261,0.190476,0.99187,0.434196,0.361486,0.0
0.030591,0.690476,0.707317,0.092238,0.33277,0.0
0.000548,0.97619,0.617886,0.07874,0.858108,0.0
0.005534,0.97619,0.154472,0.60135,0.579392,0.0
0.000499,0.97619,0.902439,0.209224,0.217905,0.0
0.063791,0.97619,0.536585,0.254218,0.401351,0.0
0.020764,0.97619,0.918699,0.211474,0.059122,0.0
0.008078,0.97619,0.569106,0.494938,0.810811,0.0
0.035583,0.97619,0.154472,0.274466,0.25,0.0
0.000017,0.97619,0.926829,0.142857,0.716216,0.0
0.096947,0.97619,0.154472,0.904387,0.810811,0.0
0.000499,0.97619,0.682927,0.669291,0.922297,0.0
0.000499,0.97619,0.926829,0.72216,0.195946,0.0
0.01385,0.166667,0.674797,0.600675,0.923986,0.0
0.039387,0.97619,0.569106,0.029246,0.758446,0.0
0.018464,0.97619,0.154472,0.775028,0.70777,0.0
0.000052,0.166667,0.674797,0.665917,0.285473,0.0
0.020827,0.97619,0.154472,0.287964,0.405405,0.0
0.028388,0.690476,0.707317,0.663667,0.815878,0.0
0.00049,0.333333,0.715447,0.190101,0.677365,0.0
0.000519,0.97619,0.154472,0.431946,0.312838,0.0
0.006799,0.97619,0.154472,0.286839,0.608108,0.0
0.020677,0.97619,0.154472,1,0.528716,0.0
0.070579,0.97619,0.569106,0.029246,0.758446,0.0
0.020941,0.452381,0.829268,0.604724,0.601351,0.0
0.000499,0.97619,0.154472,0.28234,0.788851,0.0
0.000499,0.880952,0.04878,0.419573,0.273649,0.0
0.000499,0.166667,0.674797,0.535433,0.949324,0.0
0.048708,0.952381,0.878049,0.407199,0.439189,0.0
0.069665,0.97619,0.617886,0.480315,0.733108,0.0
0.004852,0.547619,0.382114,0.869516,0.060811,0.0
0.002854,0.97619,0.617886,0.779528,0.777027,0.0
0.000423,0.97619,0.886179,0.224972,0.472973,0.0
0.006614,0.97619,0.154472,0.466817,0.498311,0.0
0.014013,0.97619,0.154472,0.367379,0.40473,0.0
0.021705,0.97619,0.918699,0.211474,0.059122,0.0
0.067669,0.97619,0.569106,0.029246,0.758446,0.0
0.004342,0.071429,0.056911,0.145107,0.023649,0.0
0.05164,0.97619,0.154472,0.626772,0.661486,0.0
0.000559,0.238095,0.195122,0.805399,0.47973,0.0
0.002822,0.97619,0.154472,0.012373,0.386824,0.0
0.000499,0.190476,0.99187,0.929134,0.097973,0.0
0.023103,0.690476,0.707317,0.092238,0.33277,0.0
0.000434,0.97619,0.837398,0.052868,0.300676,0.0
0.001764,0.97619,0.585366,0.926884,0.581081,0.0
0.026702,0.97619,0.422764,0.401575,0.197635,0.0
0.020392,0.97619,0.723577,0.84027,0.89527,0.0
0.000423,0.97619,0.886179,0.224972,0.472973,0.0
0.049445,0.97619,0.617886,0.67604,0.035473,0.0
0.000745,0.97619,0.065041,0.214848,0.734797,0.0
0.000423,0.97619,0.886179,0.224972,0.472973,0.0
0.002678,0.97619,0.886179,0.224972,0.472973,0.0
0.000508,0.97619,0.154472,0.726659,0.77027,0.0
0.068525,0.166667,0.674797,0.99775,0.5,0.0
0.019233,0.97619,0.300813,0.36333,0.601351,0.0
0.005659,0.97619,0.154472,0.775028,0.70777,0.0
0.0284,0.5,0.853659,0.850394,0.103041,0.0
0.005531,0.97619,0.154472,0.357705,0.881757,0.0
0.027582,0.97619,0.154472,0.95838,0.756757,0.0
0.029111,0.97619,0.495935,0.674916,0.586149,0.0
0.037491,0.97619,0.569106,0.029246,0.758446,0.0
0.012002,0.97619,0.154472,0.12036,0.119932,0.0
0.01043,0.761905,0.390244,0.463442,0.673986,1.0
0.000499,0.97619,0.723577,0.388076,0.47973,0.0
0.072211,0.97619,0.154472,0.245219,0.663851,0.0
0.039387,0.97619,0.569106,0.029246,0.758446,0.0
0.000499,0.166667,0.796748,0.71766,0.521959,0.0
0.032627,0.97619,0.585366,0.727784,0.743243,0.0
0.003541,0.97619,0.845528,0.768279,0.25,0.0
0.000297,0.97619,0.723577,0.397075,0.432432,1.0
0.012964,0.97619,0.154472,0.775028,0.70777,0.0
0.011878,0.97619,0.585366,0.500562,0.027027,0.0
0.007271,0.97619,0.154472,0.12036,0.119932,0.0
0.000499,0.97619,0.154472,0.946007,0.658784,0.0
0.00213,0.97619,0.154472,0.204724,0.418919,0.0
0.055386,0.97619,0.926829,0.247469,0.684122,0.0
0.005039,0.97619,0.227642,0.227222,0.263514,0.0
0.141981,0.166667,0.756098,0.35883,0.445946,0.0
0.019049,0.97619,0.154472,0.957255,0.805743,0.0
0.000499,0.97619,0.154472,0.372328,0.420608,0.0
0.000499,0.97619,0.154472,0.183352,0.492905,0.0
0.014897,0.97619,0.00813,0.727784,0.802365,0.0
0.027294,0.97619,0.154472,0.367829,0.741554,0.0
0.000499,0.97619,0.886179,0.822272,0.246622,0.0
0.003011,0.97619,0.886179,0.224972,0.472973,0.0
0.000499,0.97619,0.178862,0.232846,0.797297,0.0
0.022185,0.97619,0.154472,0.883015,0.940878,0.0
0.034515,0.97619,0.154472,0.775028,0.70777,0.0
0.097109,0.97619,0.918699,0.677165,0.766892,0.0
0.014913,0.97619,0.154472,0.286839,0.608108,0.0
0.03565,0.97619,0.617886,0.285714,0.472973,0.0
0.013157,0.97619,0.422764,0.401575,0.197635,0.0
0.087422,0.97619,0.154472,0.12036,0.119932,0.0
0.021786,0.97619,0.926829,0.913386,0.376689,0.0
0.00002,0.5,0.861789,0.156355,0.298986,0.0
0.014344,0.97619,0.154472,0.775028,0.70777,0.0
0.043908,0.97619,0.617886,0.058493,0.863176,0.0
0.000014,0.97619,0.211382,0.309336,0.190878,0.0
0.017744,0.97619,0.154472,0.12036,0.119932,0.0
0.035647,0.97619,0.617886,0.285714,0.472973,0.0
0.021112,0.97619,0.926829,0.247469,0.684122,0.0
0.000017,0.97619,0.926829,0.142857,0.716216,0.0
0.039387,0.97619,0.569106,0.029246,0.758446,0.0
0.000423,0.97619,0.886179,0.224972,0.472973,0.0
0.004225,0.97619,0.154472,0.510686,0.290541,0.0
0.001918,0.97619,0.073171,0.490439,0.108108,0.0
0.010393,0.166667,0.756098,0.530934,0.559122,0.0
0.006367,0.97619,0.723577,0.709786,0.951014,0.0
0.082278,0.97619,0.585366,0.577053,0.459459,0.0
0.072216,0.97619,0.926829,0.245219,0.663851,0.0
0.016198,0.97619,0.065041,0.276715,0.280405,0.0
0.017856,0.97619,0.300813,0.350956,0.733108,0.0
0.0162,0.97619,0.154472,0.566929,0.096284,0.0
0.011151,0.97619,0.154472,0.789651,0.047297,0.0
0.000725,0.97619,0.154472,0.496063,0.810811,0.0
0.058757,0.97619,0.154472,0.775028,0.70777,0.0
0.092334,0.97619,0.154472,0.957255,0.805743,0.0
0.000967,0.97619,0.154472,0.286839,0.608108,0.0
0.013275,0.142857,0.121951,0.266592,0.376689,0.0
0.000499,0.97619,0.154472,0.834646,0.616554,0.0
0.015182,0.97619,0.154472,0.337458,0.719595,0.0
0.000499,0.97619,0.154472,0.944882,0.733108,0.0
0.055614,0.97619,0.569106,0.029246,0.758446,0.0
0.017444,0.97619,0.154472,0.775028,0.70777,0.0
0.000363,0.97619,0.065041,0.04162,0.846284,0.0
0.000991,0.97619,0.154472,0.301462,0.179054,1.0
0.000991,0.97619,0.154472,0.301462,0.179054,1.0
0.016214,0.97619,0.154472,0.775028,0.70777,0.0
0.000328,0.97619,0.666667,0.898763,0.552365,0.0
0.000499,0.97619,0.886179,0.822272,0.246622,0.0
0.012867,0.97619,0.154472,0.425422,0.646284,0.0
0.000499,0.97619,0.617886,0.539933,0.652027,0.0
0.023749,0.97619,0.926829,0.893138,0.065878,0.0
0.085037,0.97619,0.227642,0.095613,0.195946,0.0
0.006391,0.97619,0.300813,0.461192,0.619932,0.0
0.007542,0.97619,0.227642,0.395951,0.567568,0.0
0.000991,0.97619,0.154472,0.301462,0.179054,1.0
0.000991,0.97619,0.154472,0.301462,0.179054,1.0
0.000991,0.97619,0.154472,0.301462,0.179054,1.0
0.000991,0.97619,0.154472,0.301462,0.179054,1.0
0.013124,0.690476,0.707317,0.706412,0.790541,0.0
0.000499,0.97619,0.926829,0.067492,0.954392,0.0
0.099138,0.97619,0.154472,0.305962,0.690878,0.0
0.014017,0.97619,0.154472,0.086614,0.059122,0.0
0.098887,0.97619,0.227642,0.980877,0.576014,0.0
0.000499,0.97619,0.227642,0.372328,0.420608,0.0
0.082432,0.97619,0.154472,0.775028,0.70777,0.0
0.006137,0.97619,0.227642,0.465692,0.398649,0.0
0.012026,0.97619,0.154472,0.264342,0.298986,0.0
0.000991,0.97619,0.154472,0.301462,0.179054,1.0
0.055614,0.97619,0.569106,0.029246,0.758446,0.0
0.012242,0.5,0.235772,0.206974,0.827703,0.0
0.058418,0.97619,0.926829,0.56243,0.991554,0.0
0.003133,0.97619,0.178862,0.354331,0.447635,0.0
0.006616,0.97619,0.154472,0.173228,0.434122,0.0
0.053799,0.97619,0.154472,0.775028,0.70777,0.0
0.009035,0,0.219512,0.070866,0.08277,0.0
0.00025,0.97619,0.528455,0.843645,0.717905,0.0
0.072214,0.97619,0.154472,0.245219,0.663851,0.0
0.01744,0.97619,0.926829,0.92351,0.972973,1.0
0.019673,0.97619,0.886179,0.107987,0.113176,0.0
0.036059,0.97619,0.065041,0.961755,0.371622,0.0
0.012824,0.97619,0.845528,0.506187,0.545608,0.0
0.020578,0.97619,0.154472,0.673791,0.722973,0.0
0.017317,0.97619,0.154472,0.775028,0.70777,0.0
0.012882,0.97619,0.926829,0.152981,0.202703,1.0
0.006011,0.97619,0.585366,0.618673,0.027027,0.0
0.000499,0.97619,0.926829,0.893138,0.065878,0.0
0.043089,0.97619,0.154472,0.775028,0.70777,0.0
0.032652,0.97619,0.154472,0.775028,0.70777,0.0
0.000089,0.97619,0.512195,0.325084,0.613176,0.0
0.005391,0.97619,0.065041,0.52081,0.900338,0.0
0.001477,0.97619,0.926829,0.096738,0.25,0.0
0.021173,0.97619,0.300813,0.708661,0.817568,0.0
0.022011,0.97619,0.154472,0.775028,0.70777,0.0
0.092241,0.97619,0.154472,0.212598,0.572635,0.0
0.023269,0.97619,0.154472,0.192351,0.133446,0.0
0.088308,0.97619,0.154472,0.931384,0.342905,0.0
0.023391,0.97619,0.154472,0.12036,0.119932,0.0
0.089589,0.97619,0.227642,0.823397,0.233108,0.0
0.01399,0.97619,0.918699,0.677165,0.766892,0.0
0.000499,0.97619,0.341463,0.897638,0.859797,0.0
0.047475,0.97619,0.154472,0.824522,0.373311,0.0
0.07521,0.97619,0.154472,0.775028,0.70777,0.0
0.000396,0.97619,0.617886,0.452193,0.451014,0.0
0.000633,0.97619,0.95122,0.48369,0.594595,0.0
0.013991,0.97619,0.918699,0.677165,0.766892,0.0
0.018781,0.166667,0.674797,0.023622,0.731419,0.0
0.003055,0.97619,0.154472,0.417323,0.606419,0.0
0.021218,0.97619,0.926829,0.247469,0.684122,0.0
0.018394,0.97619,0.154472,0.543307,0.570946,0.0
0.052057,0.97619,0.617886,0.596175,0.537162,0.0
0.01399,0.97619,0.918699,0.677165,0.766892,0.0
0.005457,0.309524,0.097561,0.278965,0.398649,1.0
0.046503,0.97619,0.243902,0.983127,0.521959,0.0
0.02572,0.97619,0.154472,0.572553,0.511824,0.0
0.020164,0.97619,0.617886,0.573678,0.4375,0.0
0.000499,0.97619,0.154472,0.32396,0.055743,0.0
0.37939,0.97619,0.154472,0.421822,0.428716,0.0
0,0.97619,0.300813,0.116985,0.947635,0.0
0.058275,0.97619,0.154472,0.775028,0.70777,0.0
0.030582,0.97619,0.617886,0.285714,0.472973,0.0
0.028662,0.97619,0.154472,0.806524,0.587838,0.0
0.011896,0.97619,0.154472,0.40045,0.673986,0.0
0.06254,0.97619,0.845528,0.36108,0.971284,0.0
0.000604,0.97619,0.617886,0.263217,0.915541,0.0
0.016023,0.166667,0.674797,0.615298,0.949324,0.0
0.030485,0.97619,0.300813,0.550056,0.483108,0.0
0.104545,0.97619,0.154472,0.806524,0.587838,0.0
0.032652,0.97619,0.154472,0.806524,0.587838,0.0
0.058767,0.97619,0.154472,0.775028,0.70777,0.0
0.014487,0.404762,0.170732,0.082115,0.810811,0.0
0.000031,0.714286,0.504065,0.512936,0.131757,0.0
0.008641,0.97619,0.512195,0.938133,0.643581,0.0
0.046645,0.97619,0.617886,0.672666,0.594595,0.0
0.013991,0.97619,0.918699,0.677165,0.766892,0.0
0.017501,0.97619,0.154472,0.440045,0.579054,0.0
0.058046,0.97619,0.227642,0.001125,0.672297,0.0
0.059272,0.97619,0.227642,0.001125,0.672297,0.0
0.012168,0.97619,0.154472,0.673791,0.722973,0.0
0.000991,0.97619,0.154472,0.301462,0.179054,1.0
0.025381,0.97619,0.918699,0.677165,0.766892,0.0
0.000089,0.97619,0.495935,0.346457,0.128378,1.0
0.000991,0.97619,0.154472,0.301462,0.179054,1.0
0.000991,0.97619,0.154472,0.301462,0.179054,1.0
0.012944,0.97619,0.495935,0.511811,0.569257,0.0
0.000991,0.97619,0.154472,0.301462,0.179054,1.0
0.000991,0.97619,0.154472,0.301462,0.179054,1.0
0.010447,0.357143,0.414634,0.377953,0.255068,0.0
0.088308,0.97619,0.154472,0.705287,0.096284,0.0
0.00025,0.97619,0.154472,0.28009,0.543919,0.0
0.000499,0.97619,0.154472,0.59775,0.517568,0.0
0.000014,0.97619,0.211382,0.222722,0.0625,0.0
0.085277,0.97619,0.918699,0.047244,0.976351,0.0
0.000014,0.97619,0.211382,0.59955,0.476351,0.0
0.08886,0.97619,0.154472,0.528684,0.608108,0.0
0.013485,1,0.544715,0.937008,0.763514,1.0
0.013495,1,0.544715,0.937008,0.763514,1.0
0.088915,0.97619,0.422764,0.401575,0.197635,0.0
0.01198,0.97619,0.154472,0.512036,0.583108,0.0
0.000499,0.97619,0.723577,0.32171,0.611486,0.0
0.000499,0.97619,0.886179,0.822272,0.246622,0.0
0.014137,0.97619,0.154472,0.404949,0.472973,0.0
0.008951,0.52381,0.357724,0.698538,0.192568,0.0
0.026258,0.97619,0.585366,0.795276,0.003378,0.0
0.010366,0.97619,0.154472,0.867267,0.861486,0.0
0.014903,0.52381,0.357724,0.698538,0.192568,0.0
0.005384,0.309524,0.097561,0.278965,0.398649,1.0
0.005384,0.309524,0.097561,0.278965,0.398649,1.0
0.004225,0.97619,0.300813,0.034871,0.95777,0.0
0.019388,0.97619,0.227642,0.267717,0.275338,0.0
0.003613,0.785714,0.699187,0.061867,0.146959,0.0
0.017811,0.166667,0.674797,0.508436,0.940878,0.0
0.005384,0.309524,0.097561,0.278965,0.398649,1.0
0.005384,0.309524,0.097561,0.278965,0.398649,1.0
0.005384,0.309524,0.097561,0.278965,0.398649,1.0
0.005384,0.309524,0.097561,0.278965,0.398649,1.0
0.005384,0.309524,0.097561,0.278965,0.398649,1.0
0.005384,0.309524,0.097561,0.278965,0.398649,1.0
0.005384,0.309524,0.097561,0.278965,0.398649,1.0
0.005384,0.309524,0.097561,0.278965,0.398649,1.0
0.005384,0.309524,0.097561,0.278965,0.398649,1.0
0.005384,0.309524,0.097561,0.278965,0.398649,1.0
0.005384,0.309524,0.097561,0.278965,0.398649,1.0
0.005384,0.309524,0.097561,0.278965,0.398649,1.0
0.005384,0.309524,0.097561,0.278965,0.398649,1.0
0.005384,0.309524,0.097561,0.278965,0.398649,1.0
0.005384,0.309524,0.097561,0.278965,0.398649,1.0
0.005384,0.309524,0.097561,0.278965,0.398649,1.0
0.005384,0.309524,0.097561,0.278965,0.398649,1.0
0.005384,0.309524,0.097561,0.278965,0.398649,1.0
0.005384,0.309524,0.097561,0.278965,0.398649,1.0
0.005384,0.309524,0.097561,0.278965,0.398649,1.0
0.005384,0.309524,0.097561,0.278965,0.398649,1.0
0.005384,0.309524,0.097561,0.278965,0.398649,1.0
0.005384,0.309524,0.097561,0.278965,0.398649,1.0
0.005384,0.309524,0.097561,0.278965,0.398649,1.0
0.021655,0.97619,0.154472,0.626547,0.606419,0.0
0.006648,0.166667,0.146341,0.848144,0.902027,0.0
0.00812,0.166667,0.756098,0.701912,0.728041,0.0
0.002575,0.952381,0.878049,0.470191,0.501689,0.0
0.084146,0.97619,0.154472,0.528684,0.608108,0.0
0.007205,0.97619,0.203252,0.584927,0.547297,0.0
0.008703,0.166667,0.674797,0.508436,0.940878,0.0
0.018225,0.97619,0.154472,0.775028,0.70777,0.0
0.041787,0.97619,0.617886,0.003375,0.337838,0.0
0.0839,0.97619,0.227642,0.148481,0.39527,0.0
0.011556,0.166667,0.674797,0.185602,0.155405,0.0
0.00441,0.166667,0.674797,0.404949,0.472973,0.0
0.032026,0.97619,0.154472,0.181102,0.905405,0.0
0.000014,0.97619,0.211382,0.222722,0.0625,0.0
0.003683,0.97619,0.617886,0.008999,0.383446,0.0
0.038046,0.97619,0.227642,0.001125,0.672297,0.0
0.024013,0.97619,0.926829,0.662542,0.447635,0.0
0.024129,0.97619,0.658537,0.755906,0.202703,0.0
0.015014,0.071429,0.056911,0.217098,0.91723,0.0
0.098887,0.97619,0.065041,0.995501,0.564189,0.0
0.0167,0.97619,0.154472,0.870641,0.14527,0.0
0.000014,0.97619,0.211382,0.911136,0.75,0.0
0.000396,0.97619,0.617886,0.291339,0.199324,0.0
0.049347,0.97619,0.926829,0.92126,0.846284,0.0
0.026086,0.97619,0.300813,0.95613,0.201014,0.0
0.04088,0.97619,0.886179,0.433071,0.5,0.0
0.017297,0.97619,0.154472,0.526659,0.759122,1.0
0.041365,0.97619,0.536585,0.725534,0.962838,0.0
0.021655,0.97619,0.154472,0.626547,0.606419,0.0
0.051642,0.97619,0.617886,0.688414,0.5625,0.0
0.062028,0.97619,0.617886,0.285714,0.472973,0.0
0.101145,0.97619,0.300813,0.338583,0.947635,0.0
0.115787,0.97619,0.495935,0.482565,0.339527,0.0
0.000499,0.97619,0.178862,0.6018,0.841216,0.0
0.023192,0.97619,0.617886,0.672666,0.594595,0.0
0.0097,0.97619,0.154472,0.119235,0.092905,0.0
0.03987,0.97619,0.617886,0.285714,0.472973,0.0
0.00025,0.97619,0.154472,0.635546,0.234797,0.0
0.020164,0.97619,0.585366,0.582677,0.491554,0.0
0.022619,0.97619,0.918699,0.226097,0.162162,0.0
0.000014,0.97619,0.211382,0.23847,0.109797,0.0
0.051568,0.97619,0.227642,0.001125,0.672297,0.0
0.065135,0.97619,0.154472,0.453318,0.918919,0.0
0.034291,0.97619,0.227642,0.04387,0.163851,0.0
0.018524,0.690476,0.707317,0.311586,0.584459,0.0
0.02679,0.97619,0.154472,0.929134,0.976351,0.0
0.00025,0.97619,0.154472,0.062992,0.261824,0.0
0.060864,0.97619,0.495935,0.482565,0.339527,0.0
0.024998,0.97619,0.495935,0.581552,0.150338,0.0
0.00025,0.97619,0.154472,0.668166,0.442568,0.0
0.083944,0.97619,0.203252,0.650169,0.050676,0.0
0.009772,0.166667,0.146341,0.63667,0.721284,0.0
0.056704,0.642857,0.626016,0.91901,0.140203,0.0
0.028912,0.97619,0.617886,0.098988,0.255068,0.0
0.015887,0.97619,0.617886,0.285714,0.472973,0.0
0.002282,0.97619,0.617886,0.231721,0.077703,0.0
0.035278,0.333333,0.715447,0.602925,0.657095,0.0
0.000499,0.166667,0.674797,0.12261,0.038851,0.0
0.053701,0.97619,0.536585,0.105737,0.040541,0.0
0.008368,0.97619,0.154472,0.487064,0.45777,0.0
0.01048,0.97619,0.154472,0.218223,0.376689,0.0
0.013814,0.97619,0.154472,0.705287,0.096284,0.0
0.034949,0.97619,0.154472,0.806524,0.587838,0.0
0.000499,0.97619,0.585366,0.773903,0.118243,0.0
0.154272,0.97619,0.495935,0.581552,0.150338,0.0
0.008773,0.309524,0.097561,0.278965,0.398649,1.0
0.008773,0.309524,0.097561,0.278965,0.398649,1.0
0.009428,0.97619,0.065041,0.797525,0.157095,0.0
0.001374,0.97619,0.154472,0.030371,0.623311,0.0
0.008773,0.309524,0.097561,0.278965,0.398649,1.0
0.008773,0.309524,0.097561,0.278965,0.398649,1.0
0.113863,0.97619,0.495935,0.482565,0.339527,0.0
0.018186,0.97619,0.585366,0.577053,0.459459,0.0
0.000031,0.97619,0.154472,0.312711,0.366554,0.0
0.008114,0.97619,0.154472,0.777278,0.788851,0.0
0.008773,0.309524,0.097561,0.278965,0.398649,1.0
0.008773,0.309524,0.097561,0.278965,0.398649,1.0
0.008368,0.97619,0.154472,0.528684,0.608108,0.0
0.008773,0.309524,0.097561,0.278965,0.398649,1.0
0.008773,0.309524,0.097561,0.278965,0.398649,1.0
0.008773,0.309524,0.097561,0.278965,0.398649,1.0
0.008773,0.309524,0.097561,0.278965,0.398649,1.0
0.091066,0.97619,0.300813,0.713161,0.013514,0.0
0.013911,0.97619,0.154472,0.67829,0.697635,0.0
0.009617,0.190476,0.99187,0.454443,0.415541,0.0
0.04596,0.952381,0.878049,0.293588,0.192568,0.0
0.008773,0.309524,0.097561,0.278965,0.398649,1.0
0.080941,0.97619,0.495935,0.482565,0.339527,0.0
0.005645,0.97619,0.926829,0.073116,0.815878,1.0
0.008773,0.309524,0.097561,0.278965,0.398649,1.0
0.008773,0.309524,0.097561,0.278965,0.398649,1.0
0.008773,0.309524,0.097561,0.278965,0.398649,1.0
0.008773,0.309524,0.097561,0.278965,0.398649,1.0
0.008773,0.309524,0.097561,0.278965,0.398649,1.0
0.008773,0.309524,0.097561,0.278965,0.398649,1.0
1,0.97619,0.154472,0.182227,0.638514,0.0
0.000531,0.97619,0.065041,0.633296,0.962838,0.0
0.054169,0.97619,0.154472,0.660292,0.628716,0.0
0.008773,0.309524,0.097561,0.278965,0.398649,1.0
0.008773,0.309524,0.097561,0.278965,0.398649,1.0
0.018608,0.97619,0.154472,0.286839,0.608108,0.0
0.019545,0.97619,0.065041,0.642295,0.380068,0.0
0.006051,0.97619,0.300813,0.623172,0.947635,0.0
0.008773,0.309524,0.097561,0.278965,0.398649,1.0
0.008773,0.309524,0.097561,0.278965,0.398649,1.0
0.000576,0.97619,0.211382,0.197975,0.493243,0.0
0.021655,0.97619,0.154472,0.626547,0.606419,0.0
0.008773,0.309524,0.097561,0.278965,0.398649,1.0
0.008773,0.309524,0.097561,0.278965,0.398649,1.0
0.008773,0.309524,0.097561,0.278965,0.398649,1.0
0.059084,0.97619,0.617886,0.058493,0.863176,0.0
0.008773,0.309524,0.097561,0.278965,0.398649,1.0
0.008773,0.309524,0.097561,0.278965,0.398649,1.0
0.018225,0.97619,0.065041,0.134983,0.665541,0.0
0.010393,0.166667,0.756098,0.914511,0.388514,0.0
0.008773,0.309524,0.097561,0.278965,0.398649,1.0
0.008773,0.309524,0.097561,0.278965,0.398649,1.0
0.017102,0.97619,0.886179,0.681665,0.265203,0.0
0.008773,0.309524,0.097561,0.278965,0.398649,1.0
0.056724,0.97619,0.154472,0.164229,0.179054,0.0
0.000642,0.97619,0.154472,0.507312,0.435811,0.0
0.010712,0.119048,0.601626,0.406074,0.091216,0.0
0.008773,0.309524,0.097561,0.278965,0.398649,1.0
0.007914,0.309524,0.097561,0.278965,0.398649,1.0
0.008773,0.309524,0.097561,0.278965,0.398649,1.0
0.007532,0.97619,0.617886,0.583802,0.326014,0.0
0.008773,0.309524,0.097561,0.278965,0.398649,1.0
0.008773,0.309524,0.097561,0.278965,0.398649,1.0
0.008773,0.309524,0.097561,0.278965,0.398649,1.0
0.013714,0.97619,0.227642,0.186727,0.211149,0.0
0.201195,0.97619,0.154472,0.007874,1,0.0
0.037635,0.97619,0.96748,0.179978,0.434122,0.0
